STT,T√™n qu√°n,T√™n m√≥n,Ph√¢n lo·∫°i m√≥n,T√™n ƒë∆∞·ªùng,Qu·∫≠n,Gi·ªù m·ªü c·ª≠a,Kho·∫£ng gi√°,Note
1,B√°nh m√¨ pate Ho√†ng Oanh,B√°nh m√¨,B√°nh m√¨,8 Phan VƒÉn H√¢n,Qu·∫≠n B√¨nh Th·∫°nh,14h-3h,20k-25k,ng√†y chay ngh·ªâ
2,C∆°m T·∫•m C√¥ B·∫£y,C∆°m t·∫•m,C∆°m,453/77A L√™ VƒÉn S·ªπ,Qu·∫≠n 3,6h-11h30,45k,
3,B√°nh m√¨ th·ªãt kh√¨a C√¥ c√∫c si√™u ch·∫•t l∆∞·ª£ng,B√°nh m√¨,B√°nh m√¨,36 An D∆∞∆°ng V∆∞∆°ng,Qu·∫≠n 5,6h-11h30,25k-30k,
4,B√°nh m√¨ th·ªãt pate n∆∞·ªõng,B√°nh m√¨,B√°nh m√¨,001 L√¥ L chung c∆∞ Ng√¥ Gia T·ª±,Qu·∫≠n 10,6h-20h,22-31k,
5,C∆°m T·∫•m 2 Ch·ªã Em,C∆°m t·∫•m,C∆°m,682/20 V√µ VƒÉn Ki·ªát,Qu·∫≠n 5,16h-20h,40k-65k,
6,L·∫©u c√° d√¢n √≠ch,L·∫©u c√°,L·∫©u,99 Ch√¢u VƒÉn Li√™m,Qu·∫≠n 5,16h-22h,280k-350k-450k,
7,B√°nh canh c·ªßa 121,B√°nh canh,M√≥n n∆∞·ªõc,121 Nguy·ªÖn Tr√£i,Qu·∫≠n 5,6h-10h,24k,B√°n 3 ti·∫øng l√† h·∫øt
8,M√¨ b√≤ ƒê√†i Loan,"M√¨ b√≤ tr·ªôn, n∆∞·ªõc",M√≥n n∆∞·ªõc,171 Nguy·ªÖn Gia Tr√≠,Qu·∫≠n B√¨nh Th·∫°nh,18h-h·∫øt,45-55k,
9,B√∫n b√≤ Qu·∫≠n 7 (Kh√¥ng gian ƒë·∫πp),B√∫n b√≤,M√≥n n∆∞·ªõc,156/5 Nguy·ªÖn VƒÉn Linh,Qu·∫≠n 7,5h-21h,50-60k,
10,B√°nh m√¨ B√† H√†,B√°nh m√¨,B√°nh m√¨,"247 Ho√†ng Sa, T√¢n ƒê·ªãnh",Qu·∫≠n 1,06:00 - 17:00,15-25k,
11,RaoHe - M√≥n ƒê√†i Loan,M√≥n ƒê√†i Loan,Sang cho·∫£nh - Kh√¥ng gian xinh,119 Ph·∫°m VƒÉn Chi√™u,Qu·∫≠n G√≤ V·∫•p,16h-22h,,
12,C∆°m T·∫•m Mai,C∆°m t·∫•m,C∆°m,129 ƒêo√†n VƒÉn B∆°,Qu·∫≠n 4,16h-h·∫øt,50k,
13,Th∆°m,Qu√°n n∆∞·ªõc,Qu√°n n∆∞·ªõc,42CT Tam ƒê·∫£o,Qu·∫≠n 10,9h-24h,,
14,B√∫n b√≤ Nam H∆∞ng,B√∫n b√≤,M√≥n n∆∞·ªõc,"1 C√¥ng Tr∆∞·ªùng Ho√† B√¨nh, P.19",Qu·∫≠n B√¨nh Th·∫°nh,16h-21h,,
15,B√∫n b√≤ G√≤ v·∫•p,B√∫n b√≤,M√≥n n∆∞·ªõc,"69 L√™ L·ª£i, P.4",Qu·∫≠n G√≤ V·∫•p,07:45 - 12:30 | 17:30 - 22:30,40-60k,
16,"L·∫©u b√≤, n∆∞·ªõng C√¥ √öt","B√≤ n√© n∆∞·ªõng, l·∫©u",L·∫©u,"53 Tr·∫ßn H∆∞ng ƒê·∫°o, Ph∆∞·ªùng 6",Qu·∫≠n 5,07:00 - 22:00,,
17,L·∫©u c√π lao,L·∫©u mi·ªÅn t√¢y,L·∫©u,"410 Nguy·ªÖn X√≠, P.13",Qu·∫≠n B√¨nh Th·∫°nh,15h30-22h,,
18,B·∫øp Ch·∫£o nh√† 56,B√°nh m√¨ ch·∫£o,M√≥n kh√¥,53 Phan ƒê√¨nh Ph√πng,Qu·∫≠n Ph√∫ Nhu·∫≠n,24/24,35-55k,
19,B√°nh Canh C√†ng C√∫m,B√°nh canh,M√≥n n∆∞·ªõc,108/22C Tr·∫ßn Quang Di·ªáuPh∆∞·ªùng 14,Qu·∫≠n 3,08:00 - 21:00,40-55k,
20,B√∫n b√≤ r·∫ª Qu·∫≠n 5,B√∫n b√≤,M√≥n n∆∞·ªõc,"70 Nguy·ªÖn Duy, P.9",Qu·∫≠n 5,,35k,
21,B√∫n b√≤ ngon s·ªë 1 S√†i G√≤n,B√∫n b√≤,M√≥n n∆∞·ªõc,109 Tr·∫ßn Qu·ªëc To·∫£n,Qu·∫≠n 3,15:00 - 20:30,60k,
22,B√°nh m√¨ ch·∫•m x√≠u m·∫°i,B√°nh m√¨,B√°nh m√¨,"284 Nam K·ª≥ Kh·ªüi Nghƒ©a, P.8",Qu·∫≠n 3,7h-21h,40k,
23,B√°nh flan,Flan,Tr√°ng mi·ªáng,"347/22 Minh Ph·ª•ng, P.2",Qu·∫≠n 11,10:00 - 22:00,10-20k,
24,M√¨ tr·ªôn th√°i cay,M√¨ tr·ªôn,M√≥n kh√¥,"100 S·ªë 13, T√¢n Quy",Qu·∫≠n 7,07:00 - 22:00,60k,
25,Ty Thy,ƒÇn v·∫∑t,ƒÇn v·∫∑t,"546 ƒê. An D. V∆∞∆°ng, Ph∆∞·ªùng 10",Qu·∫≠n 6,12h-22h,,
26,"B√∫n x√†o, m√¨ x√†o, mi·∫øn x√†o (ƒÉn s√°ng)",ƒÇn s√°ng,M√≥n kh√¥,"21 - 23 Nguy·ªÖn Th·ªã Minh Khai , P. B·∫øn Ngh√©",Qu·∫≠n 1,S√°ng s·ªõm,,"G√°nh, l·ªÅ ƒë∆∞·ªùng, kh√¥ng c√≥ b√†n"
27,B√≤ Kho G√°nh,B√≤ kho,M√≥n n∆∞·ªõc,029 L√¥ H chung c∆∞ Ng√¥ Gia T·ª±,Qu·∫≠n 10,11h-22h,5 ch·ª•t,
28,B√°nh b√≤ th·ªët n·ªët Baaboo,B√°nh b√≤,ƒÇn v·∫∑t,"337/37 Nguy·ªÖn ƒê√¨nh Chi·ªÉu, P.5",Qu·∫≠n 3,,,ƒê·∫∑t h√†ng online
29,"B√°nh X√®o, B√°nh H·ªèi, B√≤ L√° L·ªët",C√°c lo·∫°i b√°nh,M√≥n kh√¥,023 L√¥ H chung c∆∞ Ng√¥ Gia T·ª±,Qu·∫≠n 10,16h-20h,35k,
30,Katte Donut,Mochi,ƒÇn v·∫∑t,124 V·∫°n Ki·∫øp,Qu·∫≠n B√¨nh Th·∫°nh,17h-h·∫øt,t·ª´ 17k,
31,Tr√† s·ªØa Together,Tr√† s·ªØa,Qu√°n n∆∞·ªõc,"200 Nguy·ªÖn Th∆∞·ª£ng Hi·ªÅn, P. 5",Qu·∫≠n Ph√∫ Nhu·∫≠n,13:00 - 21:30,29k-40k,
32,L√≤ ƒê·∫•t BBQ,BBQ,Nh·∫≠u nh·∫πt,"Chi Nh√°nh 1: 396 Minh Ph·ª•ng, Ph∆∞·ªùng 9, Qu·∫≠n 11. 
Chi Nh√°nh 2: 159 Tr·∫ßn Tu·∫•n Kh·∫£i, Ph∆∞·ªùng 5, Qu·∫≠n 5. 
Chi Nh√°nh 3: 922 Quang Trung, Ph∆∞·ªùng 8, G√≤ v·∫•p.",Qu·∫≠n G√≤ V·∫•p,16:00 - 23:30.,,
33,7 Ng√†y 7 M√≥n,M√≥n g√¨ c≈©ng c√≥,M√≥n n∆∞·ªõc,"465 Tr·∫ßn H∆∞ng ƒê·∫°o, Qu·∫≠n 5",Qu·∫≠n 5,6h-9h,40k,"T2 - Ph·ªü g√†, Ph·ªü B√≤; T3: B√∫n M·∫Øm, B√≤ Kho; T4: B√∫n G√†, Mi·∫øn G√†; T5: B√∫n B√≤; T6: B√°nh Canh; T7: H·ªß t√≠u nam vang; CN: B√∫n Ri√™u. 
"
34, B√°nh M√¨ n∆∞·ªõng Mu·ªëi ·ªöt,B√°nh m√¨,B√°nh m√¨,"50 Nguy·ªÖn Xu√¢n Kho√°t, T√¢n Ph√∫",Qu·∫≠n T√¢n Ph√∫,16h30-22h,35k,
35,Ch√® Th·ªët N·ªët Seoul,,Qu√°n n∆∞·ªõc,,Qu·∫≠n 7,,,
36,Nem n∆∞·ªõng Li√™n ,Nem n∆∞·ªõng,M√≥n cu·ªën,"Ch·ª£ Nguy·ªÖn VƒÉn Tr·ªói, Q3",Qu·∫≠n 3,14h-19h,35k,
37,B√°nh cu·ªën Qu·∫£ng ƒê√¥ng,B√°nh cu·ªën,M√≥n kh√¥,"28 D∆∞∆°ng ƒê√¨nh Ngh·ªá, Q11",Qu·∫≠n 11,6h-15h,35k-50k,
38,B√°nh m√¨ C√° N·ª•c,B√°nh m√¨,B√°nh m√¨,"6 H·ªì Xu√¢n H∆∞∆°ng, Ph∆∞·ªùng 14",Qu·∫≠n B√¨nh Th·∫°nh,6h-19h,20-40k,
39,B√°nh m√¨ b√¨ th·ªãt chan n∆∞·ªõc m·∫Øm,B√°nh m√¨,B√°nh m√¨,Ng√£ 3 Nam K·ª≥ KN & Ng√¥ Th·ªùi Nhi·ªám (Tr∆∞·ªùng Marie Curie),Qu·∫≠n 3,5h-10h30,17k-20k,
40,H·∫ªm ƒÉn v·∫∑t 284 L√™ VƒÉn S·ªπ,ƒÇn v·∫∑t,ƒÇn v·∫∑t,284 L√™ VƒÉn S·ªπ,Qu·∫≠n 3,,,
41,7 Ng√†y 7 M√≥n,7 Ng√†y 7 M√≥n,M√≥n n∆∞·ªõc,"108/20A Tr·∫ßn Quang Di·ªáu, P.14",Qu·∫≠n 3,6h-9h,35-50k,
42,B√°nh M√¨ th·ªãt xi√™n n∆∞·ªõng,B√°nh m√¨,M√≥n kh√¥,"375 Nguy·ªÖn Tr√£i, Q5",Qu·∫≠n 5,6h-10h30,13k,
43,B√°nh M√¨ Ch·∫£ b·∫±ng th·ªãt ,B√°nh m√¨,M√≥n kh√¥,"Ng√£ T∆∞ Ph·∫°m H·ªØu Tr√≠ - Thu·∫≠n Ki·ªÅu, Q5",Qu·∫≠n 5,6h-10h,13k,
44, C∆°m T·∫•m H·∫ªm ƒê√¨nh,C∆°m t·∫•m,C∆°m,"H·∫ªm 241 B·∫øn V√¢n ƒê·ªìn, Q4 ",Qu·∫≠n 4,4h-9h,30-40k,
45,BBQ - H√†u ch√©n n∆∞·ªõng,H√†u,Nh·∫≠u nh·∫πt,"539 Ph·∫°m VƒÉn ƒê·ªìng, B√¨nh Th·∫°nh ",Qu·∫≠n B√¨nh Th·∫°nh,15h-1h khuya,b√© hong bi·∫øt,
46," B√°nh M√¨ ph√° l·∫•u, B√¨ ",B√°nh m√¨,B√°nh m√¨,"358/2 L√™ Quang Sung, Q6",Qu·∫≠n 6,6h-8h; 13h-16h,15k,
47,B√°nh m√¨ G√°nh si√™u d√†i ngon,B√°nh m√¨,B√°nh m√¨,"31 T√¢n Ti·∫øn, T√¢n B√¨nh (6h-11h)
",Qu·∫≠n T√¢n B√¨nh,(6h-11h),"15-25k",
48, L·∫©u Mini ,L·∫©u,L·∫©u,577 S∆∞ V·∫°n H·∫°nh Q10 - 191 Ni S∆∞ Hu·ª≥nh T√¢n B√¨nh,Qu·∫≠n T√¢n B√¨nh,10-22h,45k,
49,B√°nh b√®o,B√°nh b√®o,ƒÇn v·∫∑t,"211/116 Ho√†ng Hoa Th√°m, Ph√∫ nhu·∫≠n ",Qu·∫≠n Ph√∫ Nhu·∫≠n,14h-16h,30k,nhanh h·∫øt
50,X√¥i ngh·ªá sƒ© ,X√¥i,M√≥n kh√¥,"98 Minh Ph·ª•ng, Q6",Qu·∫≠n 6,16h30-h·∫øt,20-25k,
51,Ti·ªám n∆∞·ªõng N·ªç trong v∆∞·ªùn (View chill ƒê√† L·∫°t),N∆∞·ªõng,Sang cho·∫£nh - Kh√¥ng gian xinh,80 Nguy·ªÖn Th√°i S∆°n,Qu·∫≠n G√≤ V·∫•p,16h-,,
52,Buffet YinShi,"L·∫©u & N∆∞·ªõng, Dimsum",Sang cho·∫£nh - Kh√¥ng gian xinh,"37B ƒê. C√¥ B·∫Øc, Ph∆∞·ªùng C·∫ßu √îng L√£nh",Qu·∫≠n 1,9h-21h30,239-269k,
53,H·ªß ti·∫øu m·ªπ tho d√¨ 9,H·ªß ti·∫øu tr·ª©ng cu·ªôn,M√≥n n∆∞·ªõc,"538/51 ƒêo√†n VƒÉn B∆°, P. 14",Qu·∫≠n 4,17:30 - 23:00,50k,
54,B√∫n b√≤ Kh√°nh Ng·ªçc,B√∫n b√≤,M√≥n n∆∞·ªõc,27/63 ƒêi·ªán Bi√™n Ph·ªß,Qu·∫≠n B√¨nh Th·∫°nh,11:00 - 22:00,30-50k,
55,"C√† ph√™ s√¢n v∆∞·ªùn, ao tho·∫£i m√°i",Cafe,Qu√°n n∆∞·ªõc,"1122/8/8 Quang Trung, P8",Qu·∫≠n G√≤ V·∫•p,7h-22h45,,
56, B√≤ b√≠t t·∫øt c√¥ √∫t,b√≤,M√≥n kh√¥,"009 L√¥ K chung c∆∞ Nguy·ªÖn Thi·ªán Thu·∫≠t, Q.3",Qu·∫≠n 3,6h-12h,35-100k,
57,ƒê√° me,ƒê√° me,Qu√°n n∆∞·ªõc,96 Cao Th·∫Øng,Qu·∫≠n 3,6h - 18h,18k,
58,M√¨ x√†o b√≤ tr·ª©ng non - Ga xe l·ª≠a,M√¨,M√≥n kh√¥,"214 Nguy·ªÖn Ph√∫c Nguy√™n, Q3",Qu·∫≠n 3,13h30-16h30,15k-20k,
59,B√°nh m√¨ th·ªãt xi√™n n∆∞·ªõng Q6 ,B√°nh m√¨,B√°nh m√¨,"165 Nguy·ªÖn VƒÉn Lu√¥ng, P.10, Q.6",Qu·∫≠n 6,14h30-17h," 15k-20k
",
60,M√¨ g√†,M√¨ g√†,M√≥n n∆∞·ªõc,"440/14 Th·ªëng Nh·∫•t, P.16",Qu·∫≠n G√≤ V·∫•p,9h-21h,50k,
61,X√¥i kh√¢u nh·ª•c ,X√¥i,M√≥n kh√¥,"259/263 L√£ Binh ThƒÉng, Q.11",Qu·∫≠n 11,6h-11h,35k,
62,B√∫n ri√™u cua (ƒë·∫Øt kh√°ch) ri√™u si√™u to,B√∫n ri√™u,M√≥n n∆∞·ªõc,"219 Nguy·ªÖn Tr√£i, P. Nguy·ªÖn C∆∞ Trinh",Qu·∫≠n 1,11h-22h,,
63, H·ªß ti·∫øu nam vang Ch√∫ T·ª© ,H·ªß ti·∫øu,M√≥n n∆∞·ªõc,"ƒê·∫ßu h·∫ªm 73 Tr·∫ßn B√¨nh Tr·ªçng, Q5",Qu·∫≠n 5,6h-22h,"35k-50k",
64,C∆°m T·∫•m,C∆°m t·∫•m,C∆°m,"25 C√¥ Giang, Ph∆∞·ªùng C·∫ßu √îng L√£nh",Qu·∫≠n 1,17h ‚Äì 22h ,,
65,H·ªß ti·∫øu x√≠ qu√°ch,H·ªß ti·∫øu,M√≥n n∆∞·ªõc,"16/1 L·ªØ Gia, Q.11",Qu·∫≠n 11,"6-13h, 16h-22h)","45k-60k
",
66,B√∫n m√¨ v√†ng Ti·∫øn Ph√°t,B√∫n m√¨ h·ªß ti·∫øu,M√≥n n∆∞·ªõc,177 Tr·∫ßn Qu√Ω,Qu·∫≠n 11,6h-22h,,
67,H·ªß ti·∫øu b√≤ vi√™n Tr∆∞·ªùng Sa,H·ªß ti·∫øu,M√≥n n∆∞·ªõc,"1046 Tr∆∞·ªùng Sa, Q.3 
",Qu·∫≠n 3,(16-22h),45k,
68,Qu√°n ·ªëc Hoa S·ªØa 29,·ªêc,Nh·∫≠u nh·∫πt,11 Hoa S·ªØa,Qu·∫≠n Ph√∫ Nhu·∫≠n,15:00 - 23:59,,
69,M√¨ tr·ªôn mu·ªëi ·ªõt ,M√¨,M√≥n n∆∞·ªõc,"296 H·∫≠u Giang, P.5, Q.6",Qu·∫≠n 6,12h-2h khuya,35k-45k,
70,ƒê√° b√†o t√∫i to ƒë√πng,ƒê√° b√†o,Qu√°n n∆∞·ªõc,"17 Tr·∫ßn Quang Kh·∫£i, T√¢n ƒê·ªãnh",Qu·∫≠n 1,10h-23h,25-30k,
71,Dimsum Crystal Jade,Dimsum,Sang cho·∫£nh - Kh√¥ng gian xinh,Nhi·ªÅu chi nh√°nh,Qu·∫≠n 1,10h-21h,,
72,Dimsum H·ªß Ti·∫øu T√¢n Sanh Ho·∫°t,H·ªß ti·∫øu Dimsum,M√≥n n∆∞·ªõc,322 Nguy·ªÖn Th·ªã Minh Khai,Qu·∫≠n 3,4h-12h,25-65k,
73,G√≤ Da Qu√°n,ƒê·ªì mi·ªÅn trung,M√≥n kh√¥,H·∫ªm 80 QL13,Qu·∫≠n B√¨nh Th·∫°nh,15h30-21h,,
74,M√¨ tr·ªôn T√πm Lum,M√¨ tr·ªôn,M√≥n kh√¥,"1196 CMT8, P.4",Qu·∫≠n T√¢n B√¨nh,10h-22h,,
75,X·ªßi c·∫£o H√† T√¥n Quy·ªÅn ,X·ªßi C·∫£o,M√≥n kh√¥,"162 H√† T√¥n Quy·ªÅn, Q11",Qu·∫≠n 11,15h-0h,"50k-100k
",
76,Ch·ªó b·ª•i ng·ªìi chill ng·∫Øm view,B·ª•i,ƒÇn v·∫∑t,"Qua c·∫ßu Th·ªß Thi√™m 2 r·ªìi r·∫Ω ph·∫£i, ƒë·∫øn ng√£ ba ƒë·∫ßu ti√™n r·∫Ω ph·∫£i ti·∫øp l√† ƒë·∫øn ",Qu·∫≠n 2,,,
77,Nem n∆∞·ªõng Nha Trang Thi·ªán T√¢m,Nem n∆∞·ªõng,M√≥n cu·ªën,"504 Minh Ph·ª•ng, P.9",Qu·∫≠n 11,8h-23h,,
78,ƒê·∫∑c s·∫£n Phan Rang 2 Ph∆∞·ª£ng,"B√°nh cƒÉn, b√°nh kh·ªçt",M√≥n cu·ªën,"CC22 Tr∆∞·ªùng S∆°n, C∆∞ X√° B·∫Øc H·∫£i, P.15",Qu·∫≠n 10,09:00 - 22:30,40-60k,
79,Sushi sashimi Kimochi,"Sushi, Sashimi",Sang cho·∫£nh - Kh√¥ng gian xinh,"167/2/5 Ng√¥ T·∫•t T·ªë, P. 22, Ph∆∞·ªùng 22",Qu·∫≠n B√¨nh Th·∫°nh,10h-22h,,
80,B√°nh M√¨ X√≠u M·∫°i G√°nh - V·∫°n Ki·∫øp,B√°nh m√¨ x√≠u m·∫°i,B√°nh m√¨,"A2/8 Chung C∆∞ Mi·∫øu N·ªïi, P.2",Qu·∫≠n B√¨nh Th·∫°nh,14:00 - 18:00,15k,
81,Gum Fastfood - M√≥n √¢u,M√≥n √¢u,Sang cho·∫£nh - Kh√¥ng gian xinh,245/1 Nguy·ªÖn Tr√£i,Qu·∫≠n 1,10h-21h30,,
82,M√¨ qu·∫£ng O H√®,M√¨ qu·∫£ng,M√≥n n∆∞·ªõc,"Cu·ªëi h·∫ªm 315 L√™ VƒÉn S·ªπ, ph∆∞·ªùng 13",Qu·∫≠n 3,06:30 - 12:30,45-50k,
83,B√°nh m√¨ H·ªìng,B√°nh m√¨ ba ch·ªâ mu·ªëi,B√°nh m√¨,"311 Nguy·ªÖn Tri Ph∆∞∆°ng,",Qu·∫≠n 10,17h30-24h,,
84,H·ªß ti·∫øu b√°nh canh C·∫ßu D·ª´a,"H·ªß ti·∫øu, b√°nh canh",M√≥n n∆∞·ªõc,"https://www.google.com/maps/place/Che%CC%80+Tro%CC%A3ng/@10.7586193,106.694403,21z/data=!4m14!1m7!3m6!1s0x31752f8a42f114ef:0x95ae0451733a83f5!2zQ8SDbiBo4buZIFRoZSBHb2xkdmlldw!8m2!3d10.7561489!4d106.6918671!16s%2Fg%2F11fw0c6q49!3m5!1s0x31752f123083c0f1:0xe27ea2baa4a2d091!8m2!3d10.7586288!4d106.6944379!16s%2Fg%2F11f54thms8",Qu·∫≠n 4,19h-21h,45k,
85,Tr√© tr·ªôn B√† ƒê√†o,Tr√© tr·ªôn,ƒÇn v·∫∑t,"85 R·∫°ch Bung Binh, Ph∆∞·ªùng 9",Qu·∫≠n 3,09:00 - 22:00,50k,
86,B√∫n th√°i Ni,B√∫n th√°i,M√≥n n∆∞·ªõc,"232 Ho√†ng Hoa Th√°m, ph∆∞·ªùng 5",Qu·∫≠n B√¨nh Th·∫°nh,17:00 - 22:00,45-65k,
87,M√≥n nh·∫≠t Sachi Sushi,M√≥n nh·∫≠t,Sang cho·∫£nh - Kh√¥ng gian xinh,"13 ƒê∆∞·ªùng s·ªë 10, T√¢n Quy, Qu·∫≠n 7",Qu·∫≠n 7,17h-22h,,
88,B√°nh m√¨ G√°nh C·ª• B√† (ƒê·∫°i gia BD),B√°nh m√¨,B√°nh m√¨,,,,,
89,C∆°m t·∫•m C√¥ Giang,C∆°m t·∫•m,C∆°m,"ƒê·ªëi di·ªán 27 C√¥ Giang, C·∫ßu √îng L√£nh",Qu·∫≠n 1,16-22h,,
90,B√∫n th·ªãt n∆∞·ªõng ngon,B√∫n th·ªãt n∆∞·ªõng,M√≥n kh√¥,S·ªë 1 Nguy·ªÖn Trung Tr·ª±c,Qu·∫≠n 1,08:00 - 19:00,50-70k,
91,L√†ng Ch√†i - Nem n∆∞·ªõng nha trang,Nem n∆∞·ªõng,M√≥n cu·ªën,"52 Ho√†ng Di·ªáu, p.12
15/2 ƒêo√†n Nh∆∞ H·∫£i, P.13",Qu·∫≠n 4,7h-21h,,
92,B√∫n B√≤ Hu·∫ø O H·∫†NH,B√∫n b√≤,M√≥n n∆∞·ªõc,"32 ƒê. S·ªë 10, T√¢n Ki·ªÉng",Qu·∫≠n 7,6h30-20h,35-40k,
93,ƒÇn v·∫∑t,"Xi√™n b·∫©n, tr√† s·ªØa",ƒÇn v·∫∑t,"70 ƒë∆∞·ªùng s·ªë 5, C∆∞ X√° B√¨nh Th·ªõi",Qu·∫≠n 11,,,
94,ƒÇn v·∫∑t,"Xi√™n b·∫©n, tr√† s·ªØa",ƒÇn v·∫∑t,38A Nguy·ªÖn Gi·∫£n Thanh,Qu·∫≠n 10,,,
95,Nem l·ª•i C√¥ ƒê√†o,Nem l·ª•i cu·ªën,M√≥n cu·ªën,H·∫ªm 209 L√™ VƒÉn S·ªπ,Qu·∫≠n 3,12:30 - 19:00,,
96,C∆°m t·∫•m ƒë√™m,C∆°m t·∫•m ƒë√™m,C∆°m,"178 H·∫≠u Giang, P.6",Qu·∫≠n 6,00:01 - 05:00 | 22:00 - 23:59,,
97,B·∫øp c√¥ Linh,C∆°m t·∫•m Long xuy√™n,C∆°m,"710/6/8 Phan VƒÉn Tr·ªã, P.10",Qu·∫≠n G√≤ V·∫•p,06:30 - 09:00 | 11:00 - 18:00,35-50k,
98,B√°nh m√¨ n∆∞·ªõng ·ªõt ƒë·ªè Th√†nh C√¥ng,B√°nh m√¨ n∆∞·ªõng,B√°nh m√¨,"50 Nguy·ªÖn Xu√¢n Kho√°i, T√¢n Th√†nh",Qu·∫≠n T√¢n Ph√∫,11h-21h,20k,
99,7 Ng√†y 7 M√≥n,B√∫n m·∫Øm,M√≥n n∆∞·ªõc,26 C√¥ Giang,Qu·∫≠n 1,6h-11h,"T2: b√∫n m·∫Øm
T3: M√¨ v·ªãt ti·ªÅm
T4: B√∫n th√°i (ho·∫∑c b√∫n b√≤ hu·∫ø)
T5: Ch√°o c√°, b√°nh m√¨ h·∫•p
T6: B√∫n c√† ri g√† (ho·∫∑c h·ªß ti·∫øu g√†)
T7: B√≤ kho (B√∫n b√≤ vi√™n g√¢n, X√≠u m·∫°i t√¥m)
CN: B√∫n g√≥i gi√†
(M·ªói ng√†y ƒë·ªÅu c√≥ B√∫n th·ªãt n∆∞·ªõng - b√°nh h·ªèi - b√°nh ngh·ªá)",Ng√†y chay ngh·ªâ
100,K-Jeju Chicken,M√≥n h√†n (ch·ªß y·∫øu g√†),Sang cho·∫£nh - Kh√¥ng gian xinh,"222 ƒê∆∞·ªùng D5, P.25, B√¨nh th·∫°nh",Qu·∫≠n B√¨nh Th·∫°nh,10:00 - 22:00,100k-300k,
101,Norang Tongdak,M√≥n h√†n (ch·ªß y·∫øu g√†),Sang cho·∫£nh - Kh√¥ng gian xinh,"34 ƒê∆∞·ªùng s·ªë 6, H∆∞ng V∆∞·ª£ng 2, T√¢n Phong",Qu·∫≠n 7,00:01 - 01:00 | 11:30 - 23:59,,
102,Ph√°p m√¨ g√†,"M√¨ g√†, h·ªß ti·∫øu",M√≥n n∆∞·ªõc,"440/14 Th·ªëng Nh·∫•t, P.16",Qu·∫≠n G√≤ V·∫•p,10:00 - 21:00,35k,
103,C∆°m g√† x·ªëi m·ª° ngon,C∆°m g√†,C∆°m,"702 Tr∆∞·ªùng Sa, Ph∆∞·ªùng 14",Qu·∫≠n 3,8h-18h,,
104,Ch·∫£ l·ª•i n∆∞·ªõng Lagi,Ch·∫£ l·ª•i Lagi,M√≥n cu·ªën,"21 Nguy·ªÖn VƒÉn Nghi, Ph∆∞·ªùng 4",Qu·∫≠n G√≤ V·∫•p,15h-22h,28k,
105,B√°nh m√¨ C√° H√†ng Xanh,B√°nh m√¨ c√°,B√°nh m√¨,246D XVNT,Qu·∫≠n B√¨nh Th·∫°nh,14:00 - 23:00,,
106,H·ªß ti·∫øu S∆∞·ªùn s·ª•n,H·ªß ti·∫øu,M√≥n n∆∞·ªõc,H·∫ªm 618 CMT8 (ƒê·ªëi di·ªán CV L√™ Th·ªã Ri√™ng),Qu·∫≠n 10,17:00 - 22:00,35-50k,
107,Johnson - Tokbokki & Kimbap,M√≥n h√†n,Sang cho·∫£nh - Kh√¥ng gian xinh,118 Nguy·ªÖn Gia Tr√≠,Qu·∫≠n B√¨nh Th·∫°nh,10h45-21h30,Gi√° sinh vi√™n,
108,Ph·ªü tr·ªôn,Ph·ªü tr·ªôn,M√≥n n∆∞·ªõc,"433 H·∫≠u Giang, P,11",Qu·∫≠n 6,6h30-23h30,55k-60k,
109,Chicken Plus,M√≥n h√†n (ch·ªß y·∫øu g√†),Sang cho·∫£nh - Kh√¥ng gian xinh,Nhi·ªÅu chi nh√°nh,Qu·∫≠n B√¨nh Th·∫°nh,,,
110,Dimsum n·ªïi ti·∫øng,Dimsum,M√≥n n∆∞·ªõc,"38B H·ªçc L·∫°c, P.14",Qu·∫≠n 5,6h-12h | 15h-21h,45k,
111,M√¨ qu·∫£ng chu·∫©n v·ªã mi·ªÅn Nam,M√¨ qu·∫£ng b√°nh canh,M√≥n n∆∞·ªõc,"H·∫ªm 85 Tr·∫ßn Quang Di·ªáu, P.13",Qu·∫≠n 3,06:00 - 12:00,55k,
112,Mi·∫øn g√† tr·ªôn ƒê·∫°i H·ªçc Ki·∫øn Tr√∫c,Mi·∫øn tr·ªôn,M√≥n kh√¥,"196 Pasteur, Vo Thi Sau",Qu·∫≠n 3,6h-12h,25k,
113,B√≤ ch·∫£o T√¢n ƒê·ªãnh,B√≤ ch·∫£o,M√≥n kh√¥,181 ƒêinh Ti√™n Ho√†ng,Qu·∫≠n 1,06:30 - 22:00,50k,
114,M√¨ tr·ªôn mu·ªëi ·ªõt B√† Qu√†ng,M√¨ tr·ªôn,M√≥n n∆∞·ªõc,"40/49 L√™ Th·ªã Ri√™ng, p.17",Qu·∫≠n G√≤ V·∫•p,06:00 - 22:00,35-50k,
115,Burger Tr·ªãu Viu,"Burger, M√¨ √Ω",Fastfood,"Xe 1 : 348 T√¥n D√°n - q.4
Xe 2 : 353 M√£ L√≤ - Binh T√¢n
Xe 3 : 12 Hu√ønh Th√∫c Kh√°ng - q.1",Qu·∫≠n 4,09:30 - 22:00,40-60k,
116,B√°nh b√®o C√¥ Ba,B√°nh b√®o,M√≥n kh√¥,"123 Nguy·ªÖn Th√¥ng, P9 Qu·∫≠n 3",Qu·∫≠n 3,16h-h·∫øt,,
117,B√∫n b√≤ Ng·ªçc Nh√¢n,B√∫n b√≤,M√≥n n∆∞·ªõc,102 Ng√¥ Th·ªã Thu Minh,Qu·∫≠n T√¢n B√¨nh,07:30 - 13:00 | 16:30 - 21:00,45-60k,
118,B√°nh m√¨ n∆∞·ªõng mu·ªëi ·ªõt Ph√∫c M·∫≠p,B√°nh m√¨ n∆∞·ªõng,B√°nh m√¨,"271 T√¢n H∆∞∆°ng, T√¢n Qu√Ω, T√¢n Ph√∫
235 Nguy·ªÖn Th√°i B√¨nh, T√¢n B√¨nh",Qu·∫≠n T√¢n B√¨nh,14:00 - 21:00,27k,
119,C∆°m T·∫•m 64A,C∆°m t·∫•m,C∆°m,"64A L√Ω Nam ƒê·∫ø, P. 7, Qu·∫≠n 11",Qu·∫≠n 11,6:20 - 12:00,,
120,Buffet C∆°m Chay,C∆°m chay,ƒê·ªì chay,47 Bis V√µ VƒÉn T·∫ßn,Qu·∫≠n 3,,M·ªói th√°ng c·ª© 2 ng√†y m√πng 1 v·ªõi 15,
121,L·∫©u b√≤ 150 (Kh√¥ng gian cafe ƒë·∫πp),L·∫©u b√≤,L·∫©u,"150 Phan X√≠ch Long, Ph√∫ nhu·∫≠n",Qu·∫≠n Ph√∫ Nhu·∫≠n,16h-23h,200k/2 ng∆∞·ªùi,
122,N·∫•u m√¨ H√†n Qu·ªëc t·ª± ƒë·ªông MYTO,C·ª≠a h√†ng ti·ªán l·ª£i,M√≥n kh√¥,"20-22 Ph·∫°m Ng·ªçc Th·∫°ch, Qu·∫≠n 3",Qu·∫≠n 3,7h-0h,,
123,H·ªß ti·∫øu g√µ b√¨nh d√¢n,H·ªß ti·∫øu,M√≥n n∆∞·ªõc,"368 N∆° Trang Long, P.13, B√¨nh Th·∫°nh",Qu·∫≠n B√¨nh Th·∫°nh,,,
124,B√°nh canh cua C·∫ßu Calmette,B√°nh canh cua,M√≥n n∆∞·ªõc,"19 Calmette, Ph∆∞·ªùng Nguy·ªÖn Th√°i B√¨nh, Qu·∫≠n 1 ",Qu·∫≠n 1,11h - 17h ,,
125,B√°nh canh c·ªßa C√¥ T∆∞,Banh canh cua,M√≥n n∆∞·ªõc,"45 B·∫°ch V√¢n, P.5, Qu·∫≠n 5",Qu·∫≠n 5,14h-18h,50-100k,
126,B√∫n b√≤ 25k l·ªÅ ƒë∆∞·ªùng Hai Ba Tr∆∞ng,B√∫n b√≤,M√≥n n∆∞·ªõc,ƒê·ªëi di·ªán 151C Hai B√† Tr∆∞ng,Qu·∫≠n 3,10h-h·∫øt,25k,
127,B√∫n ri√™u cua,B√∫n ri√™u,M√≥n n∆∞·ªõc,120 H·∫≠u Giang,Qu·∫≠n 6,18:00 - 23:59,50-60k,
128,M√¨ tr·ªôn D√°ch Lou,M√¨ tr·ªôn,ƒÇn v·∫∑t,75D Ph√∫ Th·ªç,Qu·∫≠n 11,10h-23h,,
129,B√°nh m√¨ xi√™n n∆∞·ªõng ƒë√¥ng kh√°ch,B√°nh m√¨,B√°nh m√¨,"375 Nguy·ªÖn Tr√£i, P.7",Qu·∫≠n 5,s√°ng s·ªõm,15k,
130,"ƒÇn v·∫∑t SPEIT (m√¨ ·ª≥, th·ªãt b·ªçc tr·ª©ng)",ƒê·ªì ƒÉn v·∫∑t x·ªãn,ƒÇn v·∫∑t,349/16 Nguy·ªÖn Tr√£i,Qu·∫≠n 5,11h-22h,,
131,X√∫c x√≠ch ƒë·ª©c Leon King,X√∫c x√≠ch ƒë·ª©c,ƒÇn v·∫∑t,"491/32 Nguy·ªÖn VƒÉn C√¥ng, P.3",Qu·∫≠n G√≤ V·∫•p,8h-21h,,
132,B√°nh m√¨ th·ªãt n∆∞·ªõng ƒë√¥ng kh√°ch,B√°nh m√¨,B√°nh m√¨,"247 Ho√†ng Sa, T√¢n ƒë·ªãnh",Qu·∫≠n 1,6h30-14h,,
133,X√¥i B√°nh M√¨ C√¥ Tuy·ªÅn,X√¥i - B√°nh m√¨,B√°nh m√¨,"82 Nguy·ªÖn Du, B·∫øn Ngh√©",Qu·∫≠n 1,05:00 - 09:30,25k,
134,N√∫p Coffee & Tea,C√† ph√™ tr√¢n ch√¢u,Qu√°n n∆∞·ªõc,"45 D∆∞∆°ng ƒê√¨nh Ngh·ªá, P8, Q11
906 Tr∆∞·ªùng Sa, P13, Q3
20 T√¢n Ho√† ƒê√¥ng, P14, Q6
320 B√† H·∫°t, P9, Q10",Qu·∫≠n 10,08:00 - 22:00,40-60k,
135,Ph·ªü Thu (Ph·ªü tr·ªôn),"Ph·ªü n∆∞·ªõc, tr·ªôn",M√≥n n∆∞·ªõc,"433 H·∫≠u Giang, P.11",Qu·∫≠n 6,6h30-1h30 s√°ng h√¥m sau,,
136,Chickita - G√† n∆∞·ªõng l·ª≠a h·ªìng,G√† n∆∞·ªõng,Sang cho·∫£nh - Kh√¥ng gian xinh,"230 Nguy·ªÖn VƒÉn H∆∞·ªüng, P. Th·∫£o ƒêi·ªÅn,  Tp. Th·ªß ƒê·ª©c
94 H·ªì T√πng M·∫≠u, P. B·∫øn Ngh√©,  Qu·∫≠n 1",Qu·∫≠n 1,10:30 - 20:45,100-300k,
137,Nem n∆∞·ªõng - Ch·∫£ lagi,Nem n∆∞·ªõng - Ch·∫£ lagi,M√≥n kh√¥,43/1 TƒÉng B·∫°t H·ªï,Qu·∫≠n B√¨nh Th·∫°nh,15:30 - 22:00,30k,
138,The B6.Saigon,Box ƒë·ªì ƒÉn th·∫≠p c·∫©m H√†n Qu·ªëc,Sang cho·∫£nh - Kh√¥ng gian xinh,"157/28D Nguy·ªÖn Gia Tr√≠, P.25",Qu·∫≠n B√¨nh Th·∫°nh,9:00 - 22:00,2xx,
139,B√°nh M√¨ 3 C√¥ - ch·ª£ Nguy·ªÖn VƒÉn Tr·ªói,"B√°nh m√¨ x√≠u m·∫°i ngon, th·ªãt ch·∫£",B√°nh m√¨,"217 L√™ VƒÉn S·ªπ , Ph∆∞·ªùng 13, Qu·∫≠n 3",Qu·∫≠n 3,06H00 - 11H00,15k-25k,
140,Qu√°n chay Thanh L·∫°c,Chay,ƒê·ªì chay,144 Nguy·ªÖn T·∫•t Th√†nh,Qu·∫≠n 4,10h30-21h,,
141,Ramen Danbo,M√¨ ramen,M√≥n n∆∞·ªõc,8a/7b1 Th√°i VƒÉn Lung,Qu·∫≠n 1,,,
142,B√∫n ri√™u v·ªã b·∫Øc C√¥ H∆∞∆°ng B√©o,B√∫n ri√™u,M√≥n n∆∞·ªõc,"110 Cao Th·∫Øng, Ph∆∞·ªùng 4
19B Nguy·ªÖn Th·ªã Minh Khai, Qu·∫≠n 1",Qu·∫≠n 3,6h - 21h30,45-60k,
143,X·ªßi c·∫£o H√† T√¥n Quy·ªÅn ,X·ªßi C·∫£o,M√≥n n∆∞·ªõc,"162 H√† T√¥n Quy·ªÅn, Q11",Qu·∫≠n 11,15h-0h," 50k-100k
",
144,M√¨ Tr·ªôn Ngh√®o,M√¨ tr·ªôn,M√≥n kh√¥,"42CT Tam ƒê·∫£o, Q.10",Qu·∫≠n 10,(12h-23h),15k-35k,
145,H·∫ªm Tr·ªôn ƒÇn V·∫∑t,ƒÇn v·∫∑t,ƒÇn v·∫∑t,"2 Nguy·ªÖn L√¢m, B√¨nh Th·∫°nh",Qu·∫≠n B√¨nh Th·∫°nh,9h-22h,15k-60k,
146,X√¥i Ng·ªçc,X√¥i ,M√≥n kh√¥,"101 V·∫°n Ki·∫øp, B√¨nh Th·∫°nh ",Qu·∫≠n B√¨nh Th·∫°nh,(6-10h; 15-23h," 35k
",
147,M√¨ Ho√†nh Th√°nh S·ªßi C·∫£o,M√¨,M√≥n n∆∞·ªõc,388 CMT8 ,Qu·∫≠n 3,(6-22h)," 25k
",
148,M√¨ Qu·∫£ng Tr·ªôn B·∫Øp Gi√≤ C√¥ Y·∫øn,M√¨ qu·∫£ng,M√≥n n∆∞·ªõc,"736/31 C√°ch M·∫°ng Th√°ng 8, Ph∆∞·ªùng 5, Qu·∫≠n T√¢n B√¨nh, Ph∆∞·ªùng 05, Qu·∫≠n T√¢n B√¨nh, H·ªì Ch√≠ Minh",Qu·∫≠n T√¢n B√¨nh,"6-10h30; 14h30-18h30 (Th·ª© 6 ngh·ªâ)","30-40k
",
149,Buffet c∆°m chay,C∆°m chay,C∆°m,"47Bis V√µ VƒÉn T·∫ßn Qu·∫≠n 3
",Qu·∫≠n 3,(10h30-14h),50k,
150,B√°nh ƒë√∫c h√†nh phi,B√°nh ƒë√∫c,M√≥n n∆∞·ªõc,"100/14 Th√≠ch Qu·∫£ng ƒê·ª©c, P5, Ph√∫ Nhu·∫≠n",Qu·∫≠n Ph√∫ Nhu·∫≠n,t·ª´ 11h tr∆∞a ƒë·∫øn h·∫øt,22-27k,
151,L·∫©u Sa T·∫ø Uy√™n ∆Ø∆°ng,L·∫©u,L·∫©u,"213 Tr·∫ßn Tu·∫•n kh·∫£i, P.7, Q.5",Qu·∫≠n 5,"170-250k",18h-23h,
152, B√∫n b√≤ Hu·∫ø Ho√†ng Sa,B√∫n b√≤ Hu·∫ø,M√≥n n∆∞·ªõc,"725 Ho√†ng Sa, Qu·∫≠n 3",Qu·∫≠n 3,35k-50k,17h-19h,2 ti·∫øng r·∫•t nhanh h·∫øt
153,M√¨ ·ªêc H√™n D√¨ Lan,M√¨,M√≥n n∆∞·ªõc,"1A C∆∞ X√° ƒê·ªìng Ti·∫øn, Th√†nh Th√°i ,Q.10
24 ƒê∆∞·ªùng S·ªë 1, P.16, G√≤ V·∫•p
69/1/28 Nguy·ªÖn Gia Tr√≠, P.25, B√¨nh Th·∫°nh
",,08:30 - 20:00,42k,
154,B√∫n mƒÉm ƒê·∫ßu C√°,B√∫n,M√≥n n∆∞·ªõc,"98 Di√™n H·ªìng, B√¨nh Th·∫°nh",Qu·∫≠n B√¨nh Th·∫°nh,9h-20h,50k,
155, B√°nh m√¨ c·ª• l√Ω,B√°nh m√¨,B√°nh m√¨,"189 Hai B√† Tr∆∞ng, Q3",Qu·∫≠n 3,6h-9h,25k,
156,B√°nh m√¨ ƒê·ªìng Nai,B√°nh m√¨,B√°nh m√¨,"70 ƒê·ªìng Nai, P.15, Q.10",Qu·∫≠n 10,6h-13h,"17k",
157, B√∫n x√¨ d·∫ßu,B√∫n x√¨ d·∫ßu,M√≥n n∆∞·ªõc,"01 Qu√°ch vƒÉn tu·∫•n, p.12, T√¢n B√¨nh",Qu·∫≠n T√¢n B√¨nh,9h-20h,"40k
",
158,B√°nh m√¨ chi√™n t√¥m - ch·∫£ gi√≤,B√°nh m√¨,B√°nh m√¨,"403 ƒêo√†n vƒÉn b∆°, p13, qu·∫≠n 4",Qu·∫≠n 4,12h30-17h30,,
159,M√¨ qu·∫£ng - H·ªß ti·∫øu m·ª±c,M√¨ qu·∫£ng,M√≥n n∆∞·ªõc,"243B Nguy·ªÖn Th∆∞·ª£ng Hi·ªÅn, P.6, B√¨nh th·∫°nh",Qu·∫≠n B√¨nh Th·∫°nh,6h-20h,59k-70k,
160,B√°nh m√¨ Ch·∫£ C√° Nha Trang,B√°nh m√¨,B√°nh m√¨,"12 Nguy·ªÖn Th·ªã Minh Khai, Q1",Qu·∫≠n 1,6h-2h s√°ng,20k-30k,
161,"B√°nh M√¨ B√¨ Th·ªãt, B√°nh H·ªèi Nem Th·ªãt N∆∞·ªõng",B√°nh m√¨,B√°nh m√¨,"22 Tr·∫ßn K·∫ø X∆∞∆°ng, Ph√∫ Nhu·∫≠n",Qu·∫≠n Ph√∫ Nhu·∫≠n,,15-35k,
162,"B√∫n b√≤ H·∫ªm Ho√†ng Di·ªáu ",B√∫n b√≤,M√≥n n∆∞·ªõc,"243/35 Ho√†ng Di·ªáu, Q4",Qu·∫≠n 4,,,
163,"B√°nh M√¨ Ch·∫£ C√°, Ch·∫£ Ram, Ch·∫£ b√≤ Qu·∫£ng Nam
",B√°nh m√¨,B√°nh m√¨,"05 Hoa S·ª©, Ph√∫ Nhu·∫≠n",Qu·∫≠n Ph√∫ Nhu·∫≠n,,,
164,B√°nh m√¨ Heo quay - Nem N∆∞·ªõng - B√¨,B√°nh m√¨,B√°nh m√¨,"H·∫ªm 19 Tr·∫ßn B√¨nh Tr·ªçng, B√¨nh Th·∫°nh",Qu·∫≠n B√¨nh Th·∫°nh,6-10h,"20k
",
165,B√∫n Th·ªãt N∆∞·ªõng ƒê√™m,B√∫n th·ªãt n∆∞·ªõng,M√≥n n∆∞·ªõc,"14 Vƒ©nh Kh√°nh, Q.4",Qu·∫≠n 4,17h-3h s√°ng, 37k,
166,B√°nh ∆Ø·ªõt C√¥ √öt 2H,B√°nh ∆Ø·ªõt,M√≥n n∆∞·ªõc,"710/2 Phan VƒÉn Tr·ªã, G√≤ V·∫•p",Qu·∫≠n G√≤ V·∫•p,11h30-21h30,100k,
167,M·ª≥ tr·ªôn th√°i,M·ª≥ tr·ªôn,M√≥n kh√¥,"100 ƒê∆∞·ªùng s·ªë 13, T√¢n quy, Qu·∫≠n 7",Qu·∫≠n 7,S√°ng - 22h,60k,
168,B√∫n th·ªãt n∆∞·ªõng C√¥ Nga,B√∫n th·ªãt n∆∞·ªõng,M√≥n kh√¥,14 Vƒ©nh Kh√°nh Qu·∫≠n 4,Qu·∫≠n 4,17h-3h s√°ng,"37k
",
169,B√°nh m√¨ 12k,B√°nh m√¨ ,B√°nh m√¨,"24 l∆∞∆°ng th·∫ø vinh, t√¢n ph√∫",Qu·∫≠n T√¢n Ph√∫,t·ªëi,12k,
170, Th·ªãt xi√™n n∆∞·ªõng,Th·ªãt xi√™n n∆∞·ªõng,ƒÇn v·∫∑t,"Tr∆∞·ªùng marie curie 
159 ƒê. Nam K·ª≥ Kh·ªüi Nghƒ©a, V√µ Th·ªã S√°u, Qu·∫≠n 3",Qu·∫≠n 3,t·ªëi,8k,
171,C∆°m chi√™n ngon l·∫°p x∆∞·ªüng ch·∫£,C∆°m chi√™n,C∆°m,"Ng√£ t∆∞ nguy·ªÖn c√¥ng tr·ª© - Yersin
349 nguy·ªÖn c√¥ng tr·ª©, Qu·∫≠n 1
",Qu·∫≠n 1,"3h30 Ng√£ t∆∞ nguy·ªÖn c√¥ng tr·ª© - Yersin
5h 349 nguy·ªÖn c√¥ng tr·ª©, Qu·∫≠n 1"," 30k
",
172,B√°nh m√¨ Kebab Lai VN,B√°nh m√¨ ,B√°nh m√¨,752 ƒêi·ªán Bi√™n Ph·ªß,Qu·∫≠n B√¨nh Th·∫°nh,"Ngh·ªâ CN, r·∫±m 1-15) 6h00-12h30
",22k,
173,B√∫n ri√™u ch·ªã Lan,B√∫n ri√™u,M√≥n n∆∞·ªõc,"41 Th√°i Ly, Qu·∫≠n 2",Qu·∫≠n 2,16h-21h, 25-40k,
174,"B√°nh m√¨ ca d√© Hoa, X√¥i s√° b·∫•u",B√°nh m√¨ ,B√°nh m√¨,"327J T√πng Thi·ªán V∆∞∆°ng, Qu·∫≠n 8",Qu·∫≠n 8,"6h-8h",25 - 45k,
175,H·ªß Ti·∫øu Ngon r·∫ª,H·ªß Ti·∫øu,M√≥n n∆∞·ªõc,"679/6 Vƒ©nh Vi·ªÖn
659/7 Vƒ©nh Vi·ªÖn",Qu·∫≠n 11,15:00 - 22:00,25k,
176,X√¥i m·∫∑n g√† g√°n,X√¥i,M√≥n kh√¥,Tr∆∞·ªõc tr∆∞·ªùng b·∫°ch ƒëƒÉng L√™ vƒÉn s·ªπ qu·∫≠n 3,Qu·∫≠n 3,,"25k
",
177,B√∫n b√≤ si√™u ch·∫•t l∆∞·ª£ng ,B√∫n b√≤,M√≥n n∆∞·ªõc,"273/1B T√¥ Hi·∫øn Th√†nh Qu·∫≠n 10",Qu·∫≠n 10,5h - 11h t·ªói,"50k",
178,B√°nh x√®o gi√≤n b√¨nh thu·∫≠n ,B√°nh x√®o,M√≥n kh√¥,"1 Hu·ª≥nh ƒë√¨nh Hai, ph√∫ nhu·∫≠n",Qu·∫≠n Ph√∫ Nhu·∫≠n,15h-21h,12k,
179,"B√°nh m√¨ chi√™n t√¥m c√¥ sen",B√°nh m√¨,M√≥n kh√¥,403 ƒêo√†n VƒÉn B∆°,Qu·∫≠n 4,"12h-4h
",25 - 45k,
180,"Nem ch·∫£ l·ª•i",Nem,M√≥n kh√¥,21 Nguy·ªÖn VƒÉn Nghi G√≤ V·∫•p,Qu·∫≠n G√≤ V·∫•p,15h-22h,35k,
181,B√°nh m√¨ b∆° Campuchia,B√°nh m√¨ ,B√°nh m√¨,"175 C·ªëng Qu·ª≥nh",Qu·∫≠n 1, 5.000ƒë - 15.000ƒë, 5.000ƒë - 15.000ƒë,
182,H·ªß ti·∫øu Th√°i Lan Hihi,H·ªß ti·∫øu,M√≥n kh√¥,"225/7 Nguy·ªÖn ƒê√¨nh Chi·ªÉu, Qu·∫≠n 3 ",Qu·∫≠n 3,10h-21h30,35k,
183,B√°nh x√®o t√¥m nh·∫£y ,B√°nh x√®o,M√≥n kh√¥,"104 N∆° Trang Long, B√¨nh th·∫°nh",Qu·∫≠n B√¨nh Th·∫°nh,09:00 - 22:00,30k,
184,"
H·ªß ti·∫øu x√≥m chi·∫øu nhi·ªÅu topping",H·ªß ti·∫øu,M√≥n n∆∞·ªõc,"H·∫ªm C13 (ƒê·ªëi di·ªán Circle K tr∆∞·ªùng ti·ªÉu h·ªçc x√≥m chi·∫øu)
 s·ªë 9 T√¥n ƒê·∫£n, P. 13, Q.4, Tp. HCM.",Qu·∫≠n 4,Chi·ªÅu - t·ªëi,,
185, B√∫n B√≤ S√¥ng H∆∞∆°ng, B√∫n B√≤,M√≥n n∆∞·ªõc,"123 Tr·∫ßn Qu·ªëc Th·∫£o, Qu·∫≠n 3",Qu·∫≠n 3,"6-10h",60k,
186,L·∫©u n∆∞·ªõng b√≤ ba l√£o,L·∫©u n∆∞·ªõng,L·∫©u,993 Ho√†ng Sa,Qu·∫≠n B√¨nh Th·∫°nh,16-22h,20.000ƒë - 200.000ƒë.,
187,H·ªß ti·∫øu D√™ GIA ƒê·∫†T,H·ªß ti·∫øu,M√≥n n∆∞·ªõc,"111 Th√°i Phi√™n, P.2, Q.11",Qu·∫≠n 11,"6h - 10h30
",40.000ƒë - 120.000ƒë.,
188, Tr√© tr·ªôn ƒë·∫∑c bi·ªát ,Tr√© tr·ªôn,ƒÇn v·∫∑t,G√≥c ƒë∆∞·ªùng Nguy·ªÖn Th·ªã Minh Khai - Tr∆∞∆°ng ƒê·ªãnh ,Qu·∫≠n 3,"17h",80k,
189," M√° heo n∆∞·ªõng, l·∫©u
","n∆∞·ªõng, l·∫©u",L·∫©u,"51 ƒê∆∞·ªùng S·ªë 10, Linh Trung, Th·ªß ƒê·ª©c",Th·ªß ƒê·ª©c,,,
190,B√∫n M·ªôc A Ch·∫£y,B√∫n m·ªôc,M√≥n n∆∞·ªõc,"2028 Ph·∫°m Th·∫ø Hi·ªÉn, Qu·∫≠n 8",Qu·∫≠n 8,23-8h, 50-60k,
191,"C√° Vi√™n L·ªØ Gia",C√°,M√≥n kh√¥,"20i L·∫°c Long Qu√¢n, Qu·∫≠n 11",Qu·∫≠n 11,,,
192,B∆° b√°n b√≤ Xemisxis,"B√≤ n∆∞·ªõng, c√°c th·ª© m√≥n v·ªÅ b√≤",Sang cho·∫£nh - Kh√¥ng gian xinh,"203 L√™ VƒÉn Vi·ªát, Ph∆∞·ªùng Hi·ªáp Ph√∫, Th√†nh ph·ªë Th·ªß ƒê·ª©c 
‚ñ™Ô∏è CC26 Tr∆∞·ªùng S∆°n, Ph∆∞·ªùng 15, Qu·∫≠n 10 
‚ñ™Ô∏è 31E L√Ω T·ª± Tr·ªçng, Ph∆∞·ªùng B·∫øn Ngh√©, Qu·∫≠n 1",Qu·∫≠n 1,17g00-22g00,"Combo 450k 2 ng∆∞·ªùi
",
193,SUPER B√í,"B√≤ n∆∞·ªõng, c√°c th·ª© m√≥n v·ªÅ b√≤",Nh·∫≠u nh·∫πt,"175 Nguy·ªÖn VƒÉn Ti·∫øt, Hi·ªáp Th√†nh, Th·ªß D·∫ßu M·ªôt
üìç88 ƒë∆∞·ªùng D4, Ch√°nh Nghƒ©a, Th·ªß D·∫ßu M·ªôt
üìç95 Nguy·ªÖn VƒÉn Ti·∫øt, L√°i Thi√™u, Thu·∫≠n An
üìç23 ƒë∆∞·ªùng GS1, ƒê√¥ng Ho√†, Dƒ© An
üìç447E L√™ VƒÉn Vi·ªát, TƒÉng Nh∆°n Ph√∫ A, Qu·∫≠n 9
üìç254 Ho√†ng Di·ªáu 2, Linh Chi·ªÉu, TP Th·ªß ƒê·ª©c",,17:00-22:00,,
194,B√°nh M√¨ 179 ,B√°nh m√¨,B√°nh m√¨,"179 X√≥m Chi·∫øu, Qu·∫≠n 4",Qu·∫≠n 4, 16-21H,20-25k,
195,B√∫n b√≤ Food By K (qu√°n xinh),"B√∫n b√≤, l·∫©u s∆∞·ªùn s·ª•n",M√≥n n∆∞·ªõc,"17A Nguy·ªÖn Th·ªã Minh Khai, P. B·∫øn Ngh√©",Qu·∫≠n 1,07:00 - 21:00,65-80k,
196,B√°nh m√¨ s∆∞·ªùn s·ª•n,B√°nh m√¨,B√°nh m√¨,"118B Nguy·ªÖn Th·∫ßn Hi·∫øn, Qu·∫≠n 4",Qu·∫≠n 4,15h-22h,10.000ƒë - 30.000ƒë,
197,B√∫n Ri√™u H√† N·ªôi ,B√∫n Ri√™u ,M√≥n n∆∞·ªõc,"110 Cao Th·∫Øng, Qu·∫≠n 3",Qu·∫≠n 3,08:00 - 21:30,15.000ƒë - 80.000ƒë,
198,"C∆°m B√¨nh Nga",C∆°m,C∆°m,"349 Nguy·ªÖn C√¥ng Tr·ª©, Qu·∫≠n 1",Qu·∫≠n 1, 16:00 - 23:59,30.000ƒë - 65.000,
199,"Ph·ªü Thu",Ph·ªü,M√≥n n∆∞·ªõc,"433 H·∫≠u Giang, P.11, Qu·∫≠n 6",Qu·∫≠n 6,6h30-11h30,,
200,Ph·ªü Phan B·ªôi Ch√¢u ,Ph·ªü,M√≥n n∆∞·ªõc,"17B Phan B·ªôi Ch√¢u, B√¨nh Th·∫°nh",Qu·∫≠n B√¨nh Th·∫°nh,5h-24h,60k,
201, B√°nh M√¨ Ch·∫£ C√°,B√°nh m√¨,B√°nh m√¨,"D·ªëi di·ªán 27 C√¥ Giang, Qu·∫≠n 1",Qu·∫≠n 1,18h-2h s√°ng,20k,
202," B√°nh M√¨","B√°nh M√¨
",B√°nh m√¨,"1B T√¢n Ho√† ƒê√¥ng, Qu·∫≠n 6
",Qu·∫≠n 6,07:00 - 09:00,25.000ƒë - 30.000ƒë,
203, L·∫©u t√¥m h√πm ƒë·∫°i d∆∞∆°ng,L·∫©u,L·∫©u,"67 L√™ Trung Nghƒ©a, T√¢n B√¨nh",Qu·∫≠n T√¢n B√¨nh,t·ª´ 5h chi·ªÅu,"140k",
204,Ch√∫ b√©o BBQ,N∆∞·ªõng,Sang cho·∫£nh - Kh√¥ng gian xinh,"16 ƒê·ªìng Nai, Ph∆∞·ªùng 15, Qu·∫≠n 10, Th√†nh ph·ªë H·ªì Ch√≠ Minh",Qu·∫≠n 10,t·ª´ 5h chi·ªÅu,139k,
205,"B√°nh m√¨ g√°nh x√≠u m·∫°i, ch·∫£","B√°nh m√¨ g√°nh x√≠u m·∫°i, ch·∫£",B√°nh m√¨,Ng√£ ba V≈© Huy T·∫•n + V·∫°n Ki·∫øp (cafe ngh·ªá sƒ©),Qu·∫≠n B√¨nh Th·∫°nh,14:00 - 17:30,15k,
206,B√∫n b√≤ O Thu·ª∑,B√∫n b√≤,M√≥n n∆∞·ªõc,"220/5 L√™ VƒÉn S·ªπ, P. 14",Qu·∫≠n 3,06:30 - 20:00,60-80k,
207,b√∫n b√≤ c√¥ C√∫c,B√∫n b√≤,M√≥n n∆∞·ªõc,Ch·ª£ Nguy·ªÖn VƒÉn Tr·ªói,Qu·∫≠n 3,14h - 18h,50k,
208,Xu√¢n Hu·ª≥nh - Tr√† S·ªØa & Tr√°i C√¢y T·ª± Ch·ªçn,Tr√°i c√¢y,ƒÇn v·∫∑t,"244A L√™ Quang Sung,",Qu·∫≠n 6,13:30 - 21:00,35-40k,
209,B√∫n C√° H·∫°nh B√©o,B√∫n c√° ch·∫•m chi√™n gi√≤n,M√≥n n∆∞·ªõc,"88 Phan X√≠ch Long, P. 3",Qu·∫≠n B√¨nh Th·∫°nh,07:30 - 21:30,50-60k,
210,"T·ªîNG H·ª¢P C√ÅC CON PH·ªê ƒÇN U·ªêNG T·∫†I S√ÄI G√íN üçúüçú

1. Ph·ªë ·∫©m th·ª±c Nguy·ªÖn Th∆∞·ª£ng Hi·ªÅn

2. Ph·ªë ·∫©m th·ª±c Khu ƒë√¥ th·ªã Vinhomes Grand Park

3. Ph·ªë ·∫®m Th·ª±c ƒê√†i Loan raohe

4. H·∫ªm 76 Hai B√† Tr∆∞ng

5. H·∫ªm 200 X√≥m Chi·∫øu

6. H·∫ªm 177 L√Ω T·ª± Tr·ªçng

7. Ph·ªë ƒÉn v·∫∑t An D∆∞∆°ng V∆∞∆°ng

8. Ph·ªë ·∫©m th·ª±c Phan X√≠ch Long 

#mammamsaigon",,,,,,,
211,B√°nh M√¨ Th·ªãt N∆∞·ªõng - Nguy·ªÖn Tr√£i,B√°nh m√¨ th·ªãt n∆∞·ªõng,B√°nh m√¨,"39 ƒê. Nguy·ªÖn Tr√£i, Ph∆∞·ªùng Ph·∫°m Ng≈© L√£o",Qu·∫≠n 1,17:00 - 19:30,28k,
212, THANH T√ÇM - B√í NH√öNG M·∫ÆM RU·ªêC,,L·∫©u,"1346 CMT8, P.Ph√∫ Th·ªç, TP. Th·ªß D·∫ßu M·ªôt",,16H - 21H,200k,
213,Qu√°n ch·ªã 7,B√≤ nh√∫ng m·∫Øm ru·ªëc - l·∫©u b√≤,L·∫©u,"D15 C∆∞ X√° Ph√∫ L√¢m B, P. 13, Qu·∫≠n 6, TP. HCM",Qu·∫≠n 6,,,
214,L·∫©u B√≤ Nh√∫ng M·∫Øm Ru·ªëc B·∫øp √îng L·∫≠p,B√≤ nh√∫ng m·∫Øm ru·ªëc - l·∫©u b√≤,L·∫©u,"591 C√°ch M·∫°ng Th√°ng 8, P. 15,  Qu·∫≠n 10,
292A - 292B Tr·∫ßn Ph√∫, P. 8, Qu·∫≠n 5, TP. HCM
75 Tr∆∞·ªùng S∆°n, P. 15, Qu·∫≠n 10",Qu·∫≠n 10,09:00 - 22:00,300k,
215,B√öN TH√ÅI CH·ª¢ CAO ƒê·∫†T,B√∫n m·∫Øm,M√≥n n∆∞·ªõc,"Ch·ª£ Cao ƒê·∫°t, 197 Cao ƒê·∫°t, Ph∆∞·ªùng 01",Qu·∫≠n 5,8H-15H,,
216,L·∫®U M·∫ÆM ƒêI·ªÜN BI√äN PH·ª¶,L·∫©u m·∫Øm,L·∫©u,197 ƒêi·ªán Bi√™n Ph·ªß,Qu·∫≠n B√¨nh Th·∫°nh,,,
217,B√öN M·∫ÆM B·∫†CH TU·ªòC,B√∫n m·∫Øm,M√≥n n∆∞·ªõc,"198/18 D∆∞∆°ng B√° Tr·∫°c, Ph∆∞·ªùng 2,",Qu·∫≠n 8,6h s√°ng ƒë·∫øn h·∫øt,,
218,B√öN M·∫ÆM HEO QUAY DA GI√íN,B√∫n m·∫Øm,M√≥n n∆∞·ªõc,"56 ƒê∆∞·ªùng s·ªë 10, ph∆∞·ªùng T√¢n Quy",Qu·∫≠n 7,6H-21H,,
219,B√öN TH√ÅI C√Å H·ªíI H·ªíNG K√îNG,B√∫n th√°i,M√≥n n∆∞·ªõc,032 L√¥ E Cc Nguy·ªÖn Thi·ªán Thu·∫≠t,Qu·∫≠n 3,8h - 17h,55-65k,
220,B√ÅNH M√å CH·∫¢O ƒê·∫∂NG TR·∫¶N C√îN,B√°nh m√¨ ch·∫£o,B√°nh m√¨,"8 ƒê·∫∑ng Tr·∫ßn C√¥n, Q.1, HCM",Qu·∫≠n 1,4:00-11:00,48k,
221,B√∫n th·ªãt n∆∞·ªõng bu·ªïi s√°ng,B√∫n th·ªãt n∆∞·ªõng,M√≥n kh√¥,"205 L·∫°c Long Qu√¢n,P3 , Q11",Qu·∫≠n 11,5h30_9h30,15k-25K,
222,B√∫n th·ªãt n∆∞·ªõng s·ªët ƒë·∫≠u mi·ªÅn Trung,B√∫n th·ªãt n∆∞·ªõng,M√≥n kh√¥,"64 H·ªìng H√†, Ph∆∞·ªùng 02, Qu·∫≠n T√¢n B√¨nh, H·ªì Ch√≠ Minh",Qu·∫≠n T√¢n B√¨nh,8:30 - 21:30,40-45,
223,Tr√© tr·ªôn Ki·ªÅu Qu√°ch,Tr√© tr·ªôn,Nh·∫≠u nh·∫πt,"27 ƒë∆∞·ªùng 302 B√¥ng Sao, Ph∆∞·ªùng 5, Qu·∫≠n 8",Qu·∫≠n 8,16h-20h,,
224,B√≤ La L·ªët Hoa Trang,B√≤ l√† l·ªët,M√≥n kh√¥,"100b Th√≠ch Qu·∫£ng ƒê·ª©c, Ph∆∞·ªùng 5, Ph√∫ Nhu·∫≠n",Qu·∫≠n Ph√∫ Nhu·∫≠n,15h-21h,,
225,"ƒÇn + tr√† s·ªØa, gi√° b√¨nh d√¢n",ƒÇn v·∫∑t,ƒÇn v·∫∑t,"152/15 Vƒ©nh Vi·ªÖn, P.9",Qu·∫≠n 10,15h-22h,,
226,"B√°nh flan, rau c√¢u B·ªù k√® Ho√†ng sa","B√°nh flan, rau c√¢u",Tr√°ng mi·ªáng,893 Ho√†ng Sa,Qu·∫≠n 3,15:30 - 22:00,10k,
227,"L·∫©u X√≠ Qu√°ch, C√≥ h·ªß ti·∫øu m√¨",L·∫©u x√≠ qu√°ch,L·∫©u,"H·∫ªm 90 Nguy·ªÖn Th·ªã T·∫ßn, P. 2,",Qu·∫≠n 8,04:00 - 08:00 | 16:00 - 20:00,"120-170k, h·ªß ti·∫øu 40-50k",
228,B√∫n Th√°i - Ki·ªÉu Hongkong,B√∫n th√°i,M√≥n n∆∞·ªõc,"456 S∆∞ V·∫°n H·∫°nh, P. 9, ",Qu·∫≠n 10,07:30 - 13:30 | 16:00 - 21:30,50k-70k,
229,C∆°m t·∫•m N·∫°c gi√≤n,C∆°m t·∫•m,C∆°m,"33/16 Nguy·ªÖn ƒê√¨nh Ch√≠nh,  Qu·∫≠n Ph√∫ Nhu·∫≠n, T",Qu·∫≠n Ph√∫ Nhu·∫≠n,05:30 - 11:00,45-60k,
230,H·ªôt v·ªãt l·ªôn Ho√†ng V√¢n,H·ªôt v·ªãt l·ªôn,ƒÇn v·∫∑t,"2B B√†n c·ªù, ",Qu·∫≠n 3,15h - 22h,"B√¨nh d√¢n, c√∫t l·ªôn, h·ªôt v·ªãt l·ªôn",
231,"Th·∫±ng ƒê·∫≠u - B√∫n B√≤, L·∫©u B√≤",L·∫©u b√≤,L·∫©u,"566 S∆∞ V·∫°n H·∫°nh, P. 10,  Qu·∫≠n 10",Qu·∫≠n 10,06:00 - 23:00,250-300k,
232,C√† ph√™ Ngh√®o (c√≥ b√°nh b√¥ng lan ng·ªçn),C√† ph√™ qu√°n c·ªëc chill,Qu√°n n∆∞·ªõc,"441/7 Nguy·ªÖn ƒê√¨nh Chi·ªÉu, P. 5,  Qu·∫≠n 3,",Qu·∫≠n 3,15h-12h khuya,25-30k,
233,B√≤ C√¥ Ri - Th√†nh Th√°i,"B√≤ n∆∞·ªõng, l·∫©u b√≤ m·∫Øm ru·ªëc",Sang cho·∫£nh - Kh√¥ng gian xinh,5 Th√†nh Th√°i,Qu·∫≠n 10,07:00 - 23:00,200-300k,
234,B√∫n c√° Ch·∫•m gi√≤n,B√∫n c√° ch·∫•m,M√≥n n∆∞·ªõc,"5 Th√†nh Th√°i, P. 14,  Qu·∫≠n 10",Qu·∫≠n 10, 07:00 - 23:00,55-60k,
235,Ph·ªü b√≤ vi√™n ƒê√†o,Ph·ªü,M√≥n n∆∞·ªõc,C13 T√¥n ƒê·∫£n,Qu·∫≠n 4,17h-2h,,
236,B√°nh canh cua ngon Qu·∫≠n 1,B√°nh canh cua,M√≥n n∆∞·ªõc,87 Tr·∫ßn Kh·∫Øc Ch√¢n,Qu·∫≠n 1,11h-22h,,
237,B√°nh m√¨ B√¨ x√≠u m·∫°i Qu·∫≠n 7,B√°nh m√¨,B√°nh m√¨,"Ng√£ t∆∞ ƒë∆∞·ªùng s·ªë 10 v√† 17, T√¢n ki·ªÉng",Qu·∫≠n 7,6h30-10h,22k,
238,B√°nh m√¨ Ch·ªã Trang,B√°nh m√¨,B√°nh m√¨,82 T√¢n Khai,Qu·∫≠n 11,6h-11h,15k-25k,
239,X√¥i Lan Anh,X√¥i m·∫∑n,B√°nh m√¨,Ch·ª£ Ph√πng H∆∞ng,Qu·∫≠n 5,6h-10h,,
240,B√∫n ƒë·∫≠u B·∫øp X∆∞a,L·∫©u ri√™u cua,M√≥n kh√¥,79 L√™ VƒÉn Duy·ªát,Qu·∫≠n B√¨nh Th·∫°nh,7h-23h,150-200k,
241,Vua ƒê·∫≠u - B√∫n ƒë·∫≠u nh√† vua,B√∫n ƒë·∫≠u,M√≥n kh√¥,Nhi·ªÅu chi nh√°nh,Qu·∫≠n 10,10:00 - 21:51,50-60k,
242,Th·ªãt xi√™n n∆∞·ªõng - C∆°m Lam,Th·ªãt xi√™n n∆∞·ªõng,M√≥n kh√¥,"48 ƒê·ªìng ƒêen, P.12",Qu·∫≠n T√¢n B√¨nh,16h-22h,12k-20k,
243,L·∫©u b√≤ mang v·ªÅ,,,,,,,
244,Osaka Ramen,M√¨ Ramen,M√≥n n∆∞·ªõc,64 Nguy·ªÖn Th·ªùi Trung,Qu·∫≠n 5,11:00 - 22:00,50-60,
245,C∆°m T·∫•m H·ªìng C·∫ßu Calmette,C∆°m t·∫•m,C∆°m,,,,,
246,Qu√°n ·ªêc C√¥ g√°i c√≥ r√¢u,·ªêc,Nh·∫≠u nh·∫πt,,,,,
247,B√∫n th·ªãt n∆∞·ªõng H·∫±ng (n∆∞·ªõc m·∫Øm c·ªß ki·ªáu),B√∫n th·ªãt n∆∞·ªõng,M√≥n kh√¥,"338 ƒê. Nguy·ªÖn C√¥ng Tr·ª©, Ph∆∞·ªùng Nguy·ªÖn Th√°i B√¨nh",Qu·∫≠n 1,12h-18h,40k,
248,Young Dabang,ƒê·ªì h√†n,Sang cho·∫£nh - Kh√¥ng gian xinh,"147 NguyeÃÇÃÉn ƒêuÃõÃÅc CaÃânh, phuÃõoÃõÃÄng TaÃÇn Phong, QuaÃ£ÃÇn 7
19M KDC Mi·∫øu N·ªïi ƒë∆∞·ªùng V≈© Huy T·∫•n, Ph∆∞·ªùng 03, Qu·∫≠n B√¨nh Th·∫°nh",Qu·∫≠n B√¨nh Th·∫°nh,11h - 22h,300k,
249,B√°nh canh B√≤ vi√™n,B√°nh canh,M√≥n n∆∞·ªõc,"29 ƒê. Nguy·ªÖn VƒÉn Nguy·ªÖn, Ph∆∞·ªùng T√¢n ƒê·ªãnh",Qu·∫≠n 1,11h-19h,30-40k,
250,·ªêc Ti,·ªêc,Nh·∫≠u nh·∫πt,"18 L√¥ D Chung c∆∞ Nguy·ªÖn Thi·ªán Thu·∫≠n, Ph∆∞·ªùng 1, Qu·∫≠n 3",Qu·∫≠n 3,00:01 - 01:00 | 15:30 - 23:59,B√¨nh d√¢n,
251,B√≠t t·∫øt 015,B√≤ beefsteak,M√≥n kh√¥,015F Chung c∆∞ ·∫§n Quang,Qu·∫≠n 10,08:00 - 21:00,Sinh vi√™n,
252,B√∫n b√≤ hu·∫ø O X√≠u,B√∫n b√≤,M√≥n n∆∞·ªõc,"102 Tr·∫ßn Quang Kh·∫£i, P. T√¢n ƒê·ªãnh, Q. 1",Qu·∫≠n 1,15H00 - 03H00,40K - 60K/Ph·∫ßn,
253,C∆°m T·∫•m H·∫ªm 33,C∆°m t·∫•m,C∆°m,"33/16 Nguy·ªÖn ƒê√¨nh Ch√≠nh, ph∆∞·ªùng 8, Ph√∫ Nhu·∫≠n",Qu·∫≠n Ph√∫ Nhu·∫≠n,05:30 - 11:00,40-60k,
254,Tr√© tr·ªôn √öt V√¢n,Tr√© tr·ªôn,Nh·∫≠u nh·∫πt,"152 Nguy·ªÖn Th∆∞·ª£ng Hi·ªÅn, P. 4,  Qu·∫≠n 3",Qu·∫≠n 3,10:00 - 17:00 ,50k,
255,Tr√© tr·ªôn C√¥ B√©,Tr√© tr·ªôn,Nh·∫≠u nh·∫πt,"306 Nguy·ªÖn Th∆∞·ª£ng Hi·ªÅn, P. 4,  Qu·∫≠n 3",Qu·∫≠n 3,08:00 - 21:00,50k,
256,X√¥i M·∫∑n B·∫Øc Chu·∫©n V·ªã,X√¥i m·∫∑n,B√°nh m√¨,"180 K√Ω Con, P. Nguy·ªÖn Th√°i B√¨nh,  Qu·∫≠n 1",Qu·∫≠n 1,06:30 - 13:00 | 16:00 - 21:00,40-60k,
257,B√°nh b√®o Hu·∫ø ch·ª£ B·∫øn Th√†nh,B√°nh b√®o,ƒÇn v·∫∑t,C·ª≠a 7 Ch·ª£ B·∫øn Th√†nh,Qu·∫≠n 1,7h-17h,23k,
258,H·ªß ti·∫øu g√† G√≤ C√¥ng,H·ªß ti·∫øu,M√≥n n∆∞·ªõc,"1B ƒê∆∞·ªùng s·ªë 10, T√¢n Quy, Qu·∫≠n 7",Qu·∫≠n 7,6h-22h,40-60k,
259,B√°nh m√¨ B√¨ Nem Xe ƒê·∫°p,B√°nh m√¨,B√°nh m√¨,"14h b·∫Øt ƒë·∫ßu ƒëi t·ª´ Phan Ch√¢u Trinh xu·ªëng C√¥ Giang, Ho√†ng VƒÉn Th·ª•, r·ªìi v·ªÅ Hu·ª≥nh Th√∫c Kh√°ng",Qu·∫≠n 1,14h,15k,
260,C∆°m T·∫•m ƒê·ªÅ Th√°m,C∆°m t·∫•m,C∆°m,"272 ƒê·ªÅ Th√°m, P. Ph·∫°m Ng≈© L√£o, Q.1",Qu·∫≠n 1,9h - 1h s√°g,50k,
261,B√∫n Ri√™u C√¥ √öt,B√∫n ri√™u,M√≥n n∆∞·ªõc,"219 Nguy·ªÖn Tr√£i, Nguy·ªÖn C∆∞ Tr√¨nh",Qu·∫≠n 1,11h-22h,30k,
262,B√°nh m√¨ X√≠u m·∫°i ngon,B√°nh m√¨,B√°nh m√¨,1A H·ªì VƒÉn Hu√™,Qu·∫≠n Ph√∫ Nhu·∫≠n,"s√°ng, s·ªë l∆∞·ª£ng c√≥ h·∫°n",30-100k,
263,B√∫n th·ªãt n∆∞·ªõng s·ªët ƒë·∫≠u T√¢y S∆°n,B√∫n th·ªãt n∆∞·ªõng,M√≥n kh√¥,"314 Nguy·ªÖn Th√°i S∆°n, ph∆∞·ªùng 4",Qu·∫≠n G√≤ V·∫•p,06:00 - 10:00 | 15:00 - 22:00,30-40k,
264,B√∫n ƒê·∫≠u Nh√† Vua,B√∫n ƒë·∫≠u,M√≥n kh√¥,"63 B√¨nh Th·ªõi, P. 11,  Qu·∫≠n 11",Qu·∫≠n 11,10:00 - 22:20,50-60k,
265,B√∫n c√° Ki√™n Giang,B√∫n c√°,M√≥n n∆∞·ªõc,251/5 Nguy·ªÖn Thi·ªán Thu·∫≠t,Qu·∫≠n 3,6h-18h,35k,
266,B√∫n m·∫Øm Kim Hoa,B√∫n m·∫Øm,M√≥n n∆∞·ªõc,"Ch·ª£ Nguy·ªÖn Tri Ph∆∞∆°ng, Qu·∫≠n 10",Qu·∫≠n 10,,,
267,Ph·ªü b√™ Thanh ƒêa (Kh√¥ng gian s√°ng SG cu·ªëi tu·∫ßn),Ph·ªü,M√≥n n∆∞·ªõc,"21-23 Ho√†ng Sa, ƒêa Kao",Qu·∫≠n 1,6h-13h,70k,
268,Mi·∫øn mƒÉng v·ªãt,Mi·∫øn v·ªãt,M√≥n n∆∞·ªõc,181 B√πi Th·ªã Xu√¢n,Qu·∫≠n T√¢n B√¨nh,11h-21h,50k,
269,B√∫n m·ªçc Hi·∫øu Hi·ªÅn,B√∫n m·ªçc,M√≥n n∆∞·ªõc,"23/2 Ho√†ng Sa, ƒêa Kao",Qu·∫≠n 1,6h-13h,45k,
270,M√¨ b√≤ h·∫ßm ƒê√†i Loan,M√¨ b√≤ h·∫ßm,M√≥n n∆∞·ªõc,H·∫ªm 80 L√™ H·ªìng Phong,Qu·∫≠n 5,09:30 - 21:00,60-70k,
271,B√°nh canh C√° L√≥c 25k,B√°nh canh,M√≥n n∆∞·ªõc,340 Nguy·ªÖn S∆°n,Qu·∫≠n T√¢n Ph√∫,6h-12h ; 16h-23h,25k,
272,B√°nh canh C√° L√≥c Qu·∫£ng Tr·ªã O Hi·ªÅn ngon 30k,B√°nh canh,M√≥n n∆∞·ªõc,12/20 Ph·∫°m VƒÉn Hai,Qu·∫≠n T√¢n B√¨nh,12h-19h,30k,1-15 ngh·ªâ
273,Ho√†nh th√†nh l√° n∆∞·ªõc t√¥m kh√¥,Ho√†nh th√°nh,M√≥n n∆∞·ªõc,"H·∫ªm 66 L√£nh Binh ThƒÉng, Ph∆∞·ªùng 13, Qu·∫≠n 11",Qu·∫≠n 11,14h30,,
274,Vua M√¨ (Kh√¥ng gian qu√°n ok),M√¨ b√≤ ƒê√†i Lo·∫°n,M√≥n n∆∞·ªõc,"76 ƒê∆∞·ªùng D5, B√¨nh Th·∫°nh",Qu·∫≠n B√¨nh Th·∫°nh,11:00 - 23:59,6-70k,
275,Dimsum - Tr√† s·ªØa (View Resort),Dimsum - Tr√† s·ªØa,M√≥n kh√¥,"89A Nguy·ªÖn ƒê√¨nh Chi·ªÉu, P. V√µ Th·ªã S√°u",Qu·∫≠n 3,08:00 - 22:00,50-60k,
276,Baito Ramen (Kh√¥ng gian nh·∫≠t Gi√° r·∫ª),M√¨ Ramen,M√≥n n∆∞·ªõc,C24/7 X√≥m Chi·∫øu,Qu·∫≠n 4,16h30-21h30,45-60k,
277,H·ªß ti·∫øu M√¨ Th·∫≠p C·∫©m (T·∫∑ng X√≠ qu√°ch),H·ªß ti·∫øu,M√≥n n∆∞·ªõc,"160 Ph·∫°m Ph√∫ Th·ª©, P.4",Qu·∫≠n 6,6h-21h,43-53k,17h-21 T·∫∑ng x√≠ qu√°ch
278,B√°nh canh cua Ba L√∫a (ch·∫•t l∆∞·ª£ng),B√°nh canh cua,M√≥n n∆∞·ªõc,206 T√¥n ƒê·∫£n,Qu·∫≠n 4,07:00 - 22:00,50k,
279,C∆°m t·∫•m Mai cua,C∆°m t·∫•m,C∆°m,"185 Tr·∫ßn B√¨nh Tr·ªçng, P.3",Qu·∫≠n 6,18h-23h30,35k-50k,
280,B√°nh tr√°ng Cu·ªën th·ªãt heo Ho√†ng B√®o,B√°nh tr√°ng cu·ªën,M√≥n cu·ªën,"CƒÉn 06, L√¥ C, CC Ph·∫°m Vi·∫øt Ch√°nh, P. 19",Qu·∫≠n B√¨nh Th·∫°nh,07:00 - 23:00,60k-70k,
281,B√°nh tr√°ng Cu·ªën th·ªãt heo Ho√†ng B√®o,B√°nh tr√°ng cu·ªën,M√≥n cu·ªën,"12L, Nguy·ªÖn Th·ªã Minh Khai, Ph. ƒêa Kao",Qu·∫≠n 1,07:00 - 23:00,60k-70k,
282,B√°nh tr√°ng Cu·ªën th·ªãt heo Ho√†ng B√®o,B√°nh tr√°ng cu·ªën,M√≥n cu·ªën,"216 Nguy·ªÖn Oanh, Ph∆∞·ªùng 17, G√≤ V·∫•p",Qu·∫≠n G√≤ V·∫•p,07:00 - 23:00,60k-70k,
283,B√∫n ƒë·∫ßu Ti·∫øn Vua 86k 2 ng∆∞·ªùi,B√∫n ƒë·∫≠u,M√≥n kh√¥,"29 Th√†nh Th√°i, P. 14,  Qu·∫≠n 10,",Qu·∫≠n 10,10:00 - 21:51,86k,
284,L·∫©u C√° & N∆∞·ªõng BBQ A M√≠n,L·∫©u c√°,L·∫©u,"333 Vƒ©nh Kh√°nh, P. 8,  Qu·∫≠n 4",Qu·∫≠n 4,16:00 - 23:59,150k,
285,Kem Chi√™n,Kem Chi√™n,Tr√°ng mi·ªáng,177 H·∫£i Th∆∞·ª£ng L√£n √îng,Qu·∫≠n 5,18h-22h,,
286,C∆°m G√† X·ªëi M·ª° Su Su,C∆°m g√† x·ªëi m·ª°,C∆°m,"117/1D C·ªëng Qu·ª≥nh, P. Nguy·ªÖn C∆∞ Trinh,  Qu·∫≠n 1",Qu·∫≠n 1,11:00 - 21:00,50k,
287,C∆°m t·∫•m d·ªÖ th∆∞∆°ng 25k,C∆°m t·∫•m,C∆°m,"641 ƒêo√†n VƒÉn B∆°, Ph∆∞·ªùng 18, Qu·∫≠n 4",Qu·∫≠n 4,5h-9h,t·ª´ 25k,
288,"Flan, Ch√®, B√°nh b√®o, B·ªôt l·ªçc Ho√†i Th∆∞∆°ng",ƒÇn v·∫∑t,ƒÇn v·∫∑t,10 C√¥ Giang,Qu·∫≠n Ph√∫ Nhu·∫≠n,10:00 - 20:00,t·ª´ 20k,
289,L·∫©u b√≤ kho X∆∞∆°ng ·ªëng,L·∫©u b√≤,L·∫©u,"207/6 Tr·∫ßn B√¨nh Tr·ªçng, ",Qu·∫≠n 5,16h30-22h,160k,
290,X√¥i m·∫∑n Heo Quay,X√¥i m·∫∑n,B√°nh m√¨,509 CMT8,Qu·∫≠n 10,16h-23h,25-35k,
291,T·∫•t K√Ω M√¨ Gia,M√¨ th·∫≠p c·∫©m,M√≥n n∆∞·ªõc,499/4A CMT8,Qu·∫≠n 10,7h-11h (T3-CN) ; 16h-23h (t2-CN),,
292,B√°nh tr√°ng tr·ªôn m·ª° h√†nh,B√°nh tr√°ng tr·ªôn,ƒÇn v·∫∑t,"1005/71 Nguy·ªÖn Ki·ªám, P3",Qu·∫≠n G√≤ V·∫•p,14h-22h,,
293,"Chu·ªói ƒÉn v·∫∑t, b√°nh tr√°ng, tr√† s·ªØa",ƒÇn v·∫∑t,ƒÇn v·∫∑t,152/12 Vƒ©nh Vi·ªÖn,Qu·∫≠n 10,16h-22h,Sinh vi√™n,
294,Ph√° L·∫•u Gi√≤ Heo Kha Thi,Ph√° l·∫•u,M√≥n kh√¥,211 Ph·∫°m VƒÉn Chi√™u,Qu·∫≠n G√≤ V·∫•p,9h-20h,,
295,C∆°m t·∫•m X√≠ Mu·ªôi - Nem n∆∞·ªõng bu√¥n m√™,C∆°m t·∫•m,C∆°m,"1090 L·∫°c Long Qu√¢n, P.8, T√¢n B√¨nh",Qu·∫≠n T√¢n B√¨nh,"C∆°m t·∫•m: 7h - 19h (T2-T7) ; 7h - 15h (Ch·ªß Nh·∫≠t)
Nem n∆∞·ªõng: 16h - 21h",35-50k,
296,L·∫©u b√≤ Campuchia,L·∫©u b√≤,L·∫©u,"128 V∆∞·ªùn Chu·ªëi, p.4",Qu·∫≠n 3,16h-22h,170k,
297,N∆∞·ªõng L·∫©u Zaka 79,N∆∞·ªõng l·∫©u,L·∫©u,"16 Tr∆∞·ªùng Ch√≠nh, P.4",Qu·∫≠n T√¢n B√¨nh,15h-23h,79k-150k,
298,B√∫n Ri√™u Cua 30 NƒÉm,B√∫n ri√™u,M√≥n n∆∞·ªõc,"384/22 Nam K·ª≥ Kh·ªüi Nghƒ©a, Ph∆∞·ªùng 8",Qu·∫≠n 3,9h t·ªõi 13h,30k,
299,H·ªß ti·∫øu Ng√£ t∆∞ N∆° Trang Long - Nguy·ªÖn X√≠,H·ªß ti·∫øu,M√≥n n∆∞·ªõc,,Qu·∫≠n B√¨nh Th·∫°nh,,30k,
300,G√≤n B√öN CH·∫¢ b√† Kh√°ch,B√∫n ch·∫£,M√≥n n∆∞·ªõc,3 H·∫≠u Giang,Qu·∫≠n T√¢n B√¨nh,8h-22h,45k,
301,G√≤n B√öN CH·∫¢ b√† Kh√°ch,B√∫n ch·∫£,M√≥n n∆∞·ªõc,L√™ VƒÉn Duy·ªát,Qu·∫≠n T√¢n B√¨nh,8h-22h,45k,
302,B√°nh m√¨ TƒÉng,B√°nh m√¨,B√°nh m√¨,"822 Nguy·ªÖn Tr√£i, qu·∫≠n 5",Qu·∫≠n 5,5h30-23h30,20k,
303,Aroy Th√°i,M√¨ - H·ªß ti·∫øu th√°i,M√≥n n∆∞·ªõc,"60/1 L√Ω Ch√≠nh Th·∫Øng, Qu·∫≠n 3",Qu·∫≠n 3,7h-21h,45-65k,
304,Aroy Th√°i,M√¨ - H·ªß ti·∫øu th√°i,M√≥n n∆∞·ªõc,86 Hoa C√∫c,Qu·∫≠n Ph√∫ Nhu·∫≠n,7h-21h,45-65k,
305,"C∆°m T·∫•m Ba H√°, ƒê·ªì ƒÉn kh·ªïng l·ªì",C∆°m t·∫•m,C∆°m,"389 H∆∞ng Ph√∫, P. 9, Q. 8",Qu·∫≠n 8,16-19h30,8-90k,
306,"B√°nh M√¨ X√≠u M·∫°i Ph√¥ Mai Tr·ª©ng Mu·ªëi, B√≤ N∆∞·ªõng, Nem",B√°nh m√¨,B√°nh m√¨,"356 B√πi H·ªØu Nghƒ©a, P. 14",Qu·∫≠n B√¨nh Th·∫°nh,"06H00 - 10H00 , 16H00 - 21H00",20-25k,
307,B√°nh Canh Cua Oanh,B√°nh canh,M√≥n n∆∞·ªõc,"80 VƒÉn Cao, P. Ph√∫ Th·ªç H√≤a",Qu·∫≠n T√¢n Ph√∫,09:00 - 22:00,45-55k,
308,B√∫n th·ªãt n∆∞·ªõng B√† NƒÉm,B√∫n th·ªãt n∆∞·ªõng,M√≥n kh√¥,"108/20B Tr·∫ßn Quang Di·ªáu, P. 14",Qu·∫≠n 3,06:00 - 12:00,35k,
309,M√¨ Kh√¥ X√° X√≠u Gia Ph√∫c,H·ªß ti·∫øu m√¨,M√≥n n∆∞·ªõc,"198B X√≥m Chi·∫øu, P. 14",Qu·∫≠n 4,16:00 - 22:30,35k,
310,L·∫©u b√≤ kho Campuchia,L·∫©u b√≤ kho,L·∫©u,"128 V∆∞·ªùn Chu·ªëi, P. 4",Qu·∫≠n 3,15:00 - 23:00,170k,
311,Bach Hoa L·∫©u,,Sang cho·∫£nh - Kh√¥ng gian xinh,,,,,
312,Qu√°n m√¨ h·ªß ti·∫øu ƒê√†i Loan (B√∫n b√≤ vi√™n T√¢n Ph√°t),H·ªß ti·∫øu m√¨,M√≥n n∆∞·ªõc,"404 Tr·∫ßn Ph√∫, P.7",Qu·∫≠n 5,09:00 - 21:00,40-55k,
313,Chill Th√°i,Buffet l·∫©u,Sang cho·∫£nh - Kh√¥ng gian xinh,Nhi·ªÅu chi nh√°nh,Qu·∫≠n 1,,159-239k,
314,S·ªßi c·∫£o Li√™n X√¥,H·ªß ti·∫øu m√¨,M√≥n n∆∞·ªõc,"104 M·∫°c V√¢n, p.12, Q.8",Qu·∫≠n 8,11h ƒë·∫øn h·∫øt,30-45k,
315,H·ªß Ti·∫øu C√° T√†i K√Ω,H·ªß ti·∫øu c√°,M√≥n n∆∞·ªõc,"185A T√¢n S∆°n Nh√¨, P. T√¢n S∆°n Nh√¨,  Qu·∫≠n T√¢n Ph√∫, TP. HCM",Qu·∫≠n T√¢n Ph√∫,06:00 - 12:00,40-55k,
316,Mi√¨ tr·ªôn kh√¥ H·ªìng kong,M√¨ tr·ªôn kh√¥,M√≥n kh√¥,"684/24 Tr·∫ßn H∆∞ng ƒê·∫°o, P2, Q5",Qu·∫≠n 5,,t·ª´ 55k,
317,B√∫n ri√™u,B√∫n ri√™u,M√≥n n∆∞·ªõc,1348 Tr∆∞·ªùng Sa T√¢n B√¨nh,Qu·∫≠n T√¢n B√¨nh,ƒê√≥ng c·ª≠a l√∫c 18h,t·ª´ 28k,
318,C∆°m t·∫•m,C∆°m t·∫•m,C∆°m,641 ƒêo√†n VƒÉn B∆°,Qu·∫≠n 4,5:00 - 9:00,25k,
319,B√°nh Flan Ho√†i Th∆∞∆°ng,ƒÇn v·∫∑t,ƒÇn v·∫∑t,10 C√¥ Giang,Qu·∫≠n Ph√∫ Nhu·∫≠n,10:00 - 22:00,10k-30k,
320,B√°nh ∆∞·ªõt D√¨ NƒÉm,ƒÇn v·∫∑t,ƒÇn v·∫∑t,1 Kh√°nh H·ªôi,Qu·∫≠n 4,6:00 _ 10:00,30k,
321,L·∫©u m·∫Øm √öt Nh√†n,L·∫©u,L·∫©u,"409 Ph·∫°m VƒÉn ƒê·ªìng, ph∆∞·ªùng 11",Qu·∫≠n B√¨nh Th·∫°nh,15:00 - 22:00,295k,
322,Qu√°n √ô Pa,ƒÇn v·∫∑t,ƒÇn v·∫∑t,"9A Nguy·ªÖn √Ån, P. 11",Qu·∫≠n 5,14:00 - 22:00,5k-19k,
323,B√∫n b√≤ C√¥ H·∫°nh,B√∫n b√≤,M√≥n n∆∞·ªõc,"190-192 H√† T√¥n Quy·ªÅn, Ph∆∞·ªùng 6",Qu·∫≠n 11,06:30 - 11:00,25k-30k,
324,Ramen Tomidaya,M√¨ ramen,M√≥n n∆∞·ªõc,"68 Ph·∫°m Vi·∫øt Ch√°nh, ph∆∞·ªùng 19",Qu·∫≠n B√¨nh Th·∫°nh,11:30-14h   17h-21h,50k-220k,ngh·ªâ t5 h√†ng tu·∫ßn
325,H·ªß Ti·∫øu G√† - Vƒ©nh Nam,H·ªß ti·∫øu,M√≥n n∆∞·ªõc,"43 Vƒ©nh Nam, P. 11",Qu·∫≠n 8,13:00 - 21:00,5k-40k,
326,·ªêc T√°o,·ªêc,Nh·∫≠u nh·∫πt,"80 ƒê∆∞·ªùng S·ªë 28, P. T√¢n Phong",Qu·∫≠n 7,00:01-02:00 | 16:00-23:59,50k-200k,
327,S·ªßi c·∫£o Huy Ng√¢n,S·ªßi c·∫£o,M√≥n n∆∞·ªõc,"538 L√Ω Th√°i T·ªï, P. 10",Qu·∫≠n 10,10:00 - 22:00,35k-50k,
328,Tr√† s·ªØa A Ch√†,Tr√† s·ªØa,ƒÇn v·∫∑t,"140 Ch√¢u VƒÉn Li√™m, P. 11",Qu·∫≠n 5,10:00 - 22:00,15k-30k,
329,B√≤ n√© 2 P√©o,C∆°m t·∫•m,C∆°m,"69/2/44 Nguy·ªÖn Gia Tr√≠, P. 25",Qu·∫≠n B√¨nh Th·∫°nh,10:00 - 14:00,10k-55k,
330,Ch√® Th·∫°ch Xanh,Ch√®,ƒÇn v·∫∑t,"91 L√Ω Th∆∞·ªùng Ki·ªát, P.7",Qu·∫≠n 10,18:00 - 21:00,14k,
331,H·ªìng tr√† d√¨ Anh,H·ªìng Tr√†,ƒÇn v·∫∑t,70 ƒê∆∞·ªùng s·ªë 5 - C∆∞ x√° B√¨nh Th·ªõi ph∆∞·ªùng 8,Qu·∫≠n 11,9h15h - 23h30,16k-25k,
332,Ti·ªÅm Ng√£ Ba ƒê∆∞·ªùng,ƒÇn v·∫∑t,ƒÇn v·∫∑t,"Y12 H·ªìng Lƒ©nh, P. 15",Qu·∫≠n 10,13:00 - 22:00,30k,
333,G√† n∆∞·ªõng c√¥ g√°i ·∫§n,G√† n∆∞·ªõng,Nh·∫≠u nh·∫πt,"45A Ung VƒÉn Khi√™m, P. 25",Qu·∫≠n B√¨nh Th·∫°nh,15:30 - 23:59,5k-130k,
334,Khanh - B√°nh Kh·ªçt V≈©ng T√†u,B√°nh kh·ªçt,M√≥n kh√¥,"7 ƒê·ªìng Nai, P. 15",Qu·∫≠n 10,10:00 - 21:00,15k-50k,
335,C∆°m Cu HaÃâi,C∆°m b√≤,C∆°m,"189B/A30 C·ªëng Qu·ª≥nh, P. Nguy·ªÖn C∆∞ Trinh",Qu·∫≠n 1,00:01-02:00 | 16:30-23:59,70k-90k,
336,O H√®,B√∫n b√≤ hu·∫ø,M√≥n n∆∞·ªõc,"315/30 L√™ VƒÉn S·ªπ, P. 13",Qu·∫≠n 3,06:30 - 12:30,45k-50k,
337,Ti·ªám m√¨ Ch·ªçn Tui,M√¨,M√≥n n∆∞·ªõc,"292 T√¥ Hi·∫øn Th√†nh, P. 15",Qu·∫≠n 10,07:30 - 21:15,15k-45k,
338,B√°nh m√¨ B√πi Th·ªã Xu√¢n,B√°nh m√¨ v√† s·ªØa b·∫Øp,M√≥n kh√¥,"122E B√πi Th·ªã Xu√¢n, P. Ph·∫°m Ng≈© L√£o",Qu·∫≠n 1,05:30 - 01:00,20k-30k,
339,Shabu Ya - V·∫°n H·∫°nh Mall, L·∫©u Nh·∫≠t,L·∫©u,"T·∫ßng 6,  19 T·∫ßng 6 V·∫°n H·∫°nh Mall, 11 S∆∞ V·∫°n H·∫°nh, P. 12",Qu·∫≠n 10,10:00 - 21:30,138k-238k,
340,M√° heo Ng·ªçc Y·∫øn,M√° heo,Nh·∫≠u nh·∫πt,"51 ƒë∆∞·ªùng s·ªë 10, Ph∆∞·ªùng Linh Trung",Th·ªß ƒê·ª©c,8:00 - 00:00,60k-120k,
341,B√°nh Canh Tr·∫£ng B√†ng,B√°nh canh,M√≥n n∆∞·ªõc,"439-441 Nguy·ªÖn Tri Ph∆∞∆°ng, P. 8",Qu·∫≠n 10,10:00 - 22:00,30-60k,
342,B√∫n b√≤ c√¥ ƒê√†o,B√∫n b√≤,M√≥n n∆∞·ªõc,"22A ƒêi·ªán Bi√™n Ph·ªß, Ph∆∞·ªùng 15",Qu·∫≠n B√¨nh Th·∫°nh,06:00-10:30,43k,
343,ƒê·ªìi Th√°i,L·∫©u th√°i,L·∫©u,36 Chu M·∫°nh Trinh P. B·∫øn Ngh√©,Qu·∫≠n 1,09:00 - 22:00,149k,
344,B√°nh Tr√°ng Tr·ªôn Nh√† Th·ªù Cha Tam,B√°nh tr√°ng tr·ªôn,ƒÇn v·∫∑t,"25 H·ªçc L·∫°c, Ph∆∞·ªùng 14 (Tr∆∞·ªõc C·ª≠a Nh√† Th·ªù)",Qu·∫≠n 5,21:30 - 2:00,18-36k,
345,Ch√∫ M·∫≠p Thanh ƒêa,Tr√† s·ªØa ,ƒÇn v·∫∑t,"183 B√¨nh Qu·ªõi, P. 28",Qu·∫≠n B√¨nh Th·∫°nh,11:00 - 19:00,15-25k,
346,Tr√† Chanh Con C√°,Tr√† chanh,Qu√°n n∆∞·ªõc,"321 T√¥n ƒê·∫£n, P. 15",Qu·∫≠n 4,09:30 - 21:30,5-33k,
347,C√¥ H·∫±ng Th·ªãt N∆∞·ªõng,B√∫n th·ªãt n∆∞·ªõng,M√≥n kh√¥,"H·∫ªm 710/2 Phan VƒÉn Tr·ªã, P. 10",Qu·∫≠n G√≤ V·∫•p,07:00 - 21:00,37-80k,
348,T√¢n H∆∞∆°ng Nam Qu√°n,M√¨ s·ª•n B·∫°c Li√™u,M√≥n n∆∞·ªõc,"382 B√† H·∫°t, P.8",Qu·∫≠n 10,08:00 - 22:00,25-80k,
349,MaÃ£ T√¥i - BaÃÅnh Canh Cua,B√°nh canh cua,M√≥n n∆∞·ªõc,"86 VaÃ£n Ki√™ÃÅp, P. 4",Qu·∫≠n B√¨nh Th·∫°nh,15:00 - 21:00,22-40k,
350,STEAK FRITES SAIGON,Steak v√† spaghetti,Sang cho·∫£nh - Kh√¥ng gian xinh,"7/96 Th√†nh Th√°i, P. 14",Qu·∫≠n 10,10:00-14:00 | 18:00-21:00,150k,
351,·ªêc B√¥ng,·ªêc,ƒÇn v·∫∑t,"260 Nguy·ªÖn Ti·ªÉu La, P.8",Qu·∫≠n 10,16:00-23:00,60-100k,
352,C∆°m Chi√™n B√© T√°m,C∆°m chi√™n,C∆°m,"246 Nguy·ªÖn C√¥ng Tr·ª©, P. Nguy·ªÖn Th√°i B√¨nh",Qu·∫≠n 1,00:01-01:00 | 18:30-23:59,30-55k,
353,M√≥n Hu·∫ø,"B√∫n b√≤ Hu·∫ø, B√°nh b√®o Hu·∫ø",M√≥n n∆∞·ªõc,"26A Ho√†ng Hoa Th√°m, P. 7",Qu·∫≠n T√¢n B√¨nh,06:30 - 14:00 | 16:00 - 21:00,30-50k,
354,Thanh T√¢m K√Ω,B√≤ Kho & H·ªß Ti·∫øu M√¨,M√≥n n∆∞·ªõc,51 Tr·∫ßn H·ªØu Trang,Qu·∫≠n Ph√∫ Nhu·∫≠n,05:30 - 13:30,20-30k,
355,C√¥ T√°m,B√°nh M√¨ N∆∞·ªõng Mu·ªëi ·ªöt,B√°nh m√¨,"56T L√™ Quang Sung, P. 6",Qu·∫≠n 6,09:00 - 22:00,15-20k,
356,An An,baÃÅnh miÃÄ chaÃâo,B√°nh m√¨,"282/1  Nguy·ªÖn Gia Tr√≠, ph∆∞∆°ÃÄng 25",Qu·∫≠n B√¨nh Th·∫°nh,06:00 - 22;00 ,27-69k,T6 h√£ng tu·∫ßn ƒë·ªìng gi√° 20k
357,Qu√°n S∆∞∆°ng,B√°nh canh/b√∫n ch·∫£ c√°,M√≥n n∆∞·ªõc,"1181 L√™ VƒÉn L∆∞∆°ng, X√£ Ph∆∞·ªõc Ki·ªÉn",Huy·ªán Nh√† B√®,07:00 - 21:00,20-25k,
358,M√¨ G√† X√° K√©n K3,M√¨ g√† ,M√≥n n∆∞·ªõc,"82 ƒê∆∞·ªùng ƒê·ªìng ƒêen, P. 14",Qu·∫≠n T√¢n B√¨nh,06:30 - 12:00 | 16:30 - 21:00,50-99k,
359,L·∫©u X∆∞a 139k,L·∫©u,L·∫©u,292/1 Nguy·ªÖn X√≠ Phu·ªùng 13,Qu·∫≠n B√¨nh Th·∫°nh,,139-219k,
360,Qu√°n H√†o 598,·ªêp La B√≤ S·ªët Ti√™u ƒêen,M√≥n kh√¥,"004 L√¥ F Chung C∆∞ X√≥m C·∫£i M·∫°c Thi√™n T√≠ch, P. 8",Qu·∫≠n 5,09:00 - 22:00,40k,
361,B√°nh ∆Ø·ªõt & B√°nh Cu·ªën,B√°nh ∆∞·ªõt/cu·ªën,M√≥n n∆∞·ªõc,"752/53 L·∫°c Long Qu√¢n, P.9",Qu·∫≠n T√¢n B√¨nh,15:00 - 20:00,30-40k,
362,Qu√°n ch√°o,Ch√°o ƒë·ªß lo·∫°i ,M√≥n n∆∞·ªõc,"108 Tr·∫ßn VƒÉn Quang, P.10",Qu·∫≠n T√¢n B√¨nh,16:00 - 21:00,20-30k,
363,Qu√°n l·∫©u b√≤ kho x∆∞∆°ng ·ªëng,L·∫©u b√≤ kho,L·∫©u,207/6 Tr·∫ßn B√¨nh Tr·ªçng ,Qu·∫≠n 5,16h30 ƒë·∫øn h·∫øt,180k,
364,H·ªß ti·∫øu D√¨ Hai,"H·ªß ti·∫øu, b√°nh canh",M√≥n n∆∞·ªõc,266/98 T√¥n ƒê·∫£n,Qu·∫≠n 4,11:00 - 19:00,25-50k,
365,"Xe b√°nh m√¨, x√¥i",X√¥i l√° chu·ªëi t√¥m kh√¥,M√≥n kh√¥,"271 T√πng Thi·ªán V∆∞∆°ng, Ph∆∞·ªùng 11",Qu·∫≠n 8,05:00 - 10:00   15:00 - 17:00,17-20k,
366,C∆°m T·∫•m B√† Ch·ªã Hai,C√¢m t·∫•m,C∆°m,"51 ƒê·∫∑ng VƒÉn Ng·ªØ , P. 14",Qu·∫≠n Ph√∫ Nhu·∫≠n,18:00 - 22:00,40-70k,
367,Heo quay Kim Mai,heo quay,M√≥n kh√¥,"15 L√¥ B, ch·ª£ B√¨nh Ti√™n, ph∆∞·ªùng 4",Qu·∫≠n 6,"06:30‚Äì11:00, 15:00‚Äì18:00",170-320k,
368,B√°nh canh h·∫π Ph√∫ Y√™n,B√°nh canh,M√≥n n∆∞·ªõc,"18A/4 Nguy·ªÖn Th·ªã Minh Khai, ph∆∞·ªùng ƒêa Kao",Qu·∫≠n 1,6 - 14g v√† 16g30 - 21g30,40k tr·ªü l√™n,
369,B√°nh ƒê√∫c N√≥ng - NGUY√äN,B√°nh ƒë√∫c,M√≥n kh√¥,"188 V·∫°n Ki·∫øp, P. 2",Qu·∫≠n B√¨nh Th·∫°nh,11:00 - 18:00,30-45k,
370,B√°nh M√¨ D·∫≠u,B√°nh m√¨ ,B√°nh m√¨,"538/161 ƒêo√†n VƒÉn B∆°, P. 14",Qu·∫≠n 4,16:00 - 22:00,5-20k,
371,B√°nh cƒÉn C√¥ H·∫±ng,BaÃÅnh cƒÉn t√¥m m·ª±c,M√≥n kh√¥,"100 Tr·∫ßn H∆∞ng ƒê·∫°o, ph∆∞∆°ÃÄng Ph·∫°m Ng≈© L√£o",Qu·∫≠n 1,6:00 ‚Äì 9:00,6-25k,"ngh·ªâ Ch·ªß nh·∫≠t v√† ng√†y r·∫±m 1, 15"
372,B√≤ N√© C√¥ √öt,B√≤ beafsteak ch√°y t·ªèi,M√≥n kh√¥,"009 L√¥ K chung c∆∞ Nguy·ªÖn Thi·ªán Thu·∫≠t, P.1",Qu·∫≠n 3,06:00 - 12:00,45-100k,
373,·ªêc Tr·ª©ng Mu·ªëi - ƒê∆∞·ªùng B6,√îc,ƒÇn v·∫∑t,"11 ƒê∆∞·ªùng B6, P. 12",Qu·∫≠n T√¢n B√¨nh,15:00 - 23:00,20-500k,
374,Kim K√Ω,H·ªß Ti·∫øu M√¨,M√≥n n∆∞·ªõc,"255 Nguy·ªÖn C√¥ng Tr·ª©, P. Nguy·ªÖn Th√°i B√¨nh",Qu·∫≠n 1,18:00 - 22:00,34-45k,
375,G√°nh b√°nh m√¨ ƒë√™m,B√°nh m√¨,B√°nh m√¨,"65F Nguy·ªÖn Th√°i H·ªçc, Ph∆∞·ªùng C·∫ßu √îng L√£nh",Qu·∫≠n 1,19:00 - 05:00,15k,
376,Ti·ªám B√∫n ƒê·∫≠u C√ÅM,B√∫n ƒë·∫≠u,M√≥n kh√¥,"206 Nguy·ªÖn Tri Ph∆∞∆°ng, P. 4",Qu·∫≠n 10,10:00 - 22:00,20-100k,
377,B√∫n B√≤ Ph√∫ H∆∞ng,B√∫n b√≤,M√≥n n∆∞·ªõc,"284/2 Ch·ª£ L·ªõn, P. 11",Qu·∫≠n 6,06:00 - 12:00,25-35k,
378,ƒê√¥ng M·∫≠p,Tr√† S·ªØa & G√† Cay Ph√¥ Mai,ƒÇn v·∫∑t,"164/5 Nguy·ªÖn Oanh, P.17",Qu·∫≠n G√≤ V·∫•p,17:00 - 22:00,15-50k,
379,H·ªß ti·∫øu heo g√†,h·ªß ti·∫øu,M√≥n n∆∞·ªõc,"160 Tr·∫ßn B√¨nh Tr·ªçng, P.3",Qu·∫≠n 5,18:30 - 04:00,35-100k,
380,N∆∞·ªõc V·ªâa H√® 347,Tr√† ƒë√†o d·∫ßm,Qu√°n n∆∞·ªõc,347 Nguy·ªÖn Ch√≠ Thanh,Qu·∫≠n 5,19:00 - 23:00,7-15k,
381,B√°nh Canh Ch·∫£ C√° Nha Trang Go79,B√°nh canh,M√≥n n∆∞·ªõc,"264 Tr∆∞·ªùng Sa, P. 3",Qu·∫≠n B√¨nh Th·∫°nh,16:00 - 23:00,19-69k,
382,·ªêc S·ªØa 29,√ìc,ƒÇn v·∫∑t,"11 Hoa S·ªØa, P. 7",Qu·∫≠n Ph√∫ Nhu·∫≠n,15:00 - 23:59,30-50k,
383,TRUY·ªÄN THUY·∫æT CHAMPONG,M√¨ cay,M√≥n n∆∞·ªõc,"62 Nguy·ªÖn Ho√†ng, P. An Ph√∫",Qu·∫≠n 2,11:00 - 22:00,120-220k,
384,Xe c√° vi√™n chi√™n ,c√° vi√™n chi√™n,ƒÇn v·∫∑t,C√¥ng tr∆∞·ªüng UEH,Qu·∫≠n 3,,5k,
385,X√¥i B√°nh M√¨ C√¥ Tuy·ªÅn,"X√¥i, b√°nh m√¨",M√≥n kh√¥,"82 Nguy·ªÖn Du, B·∫øn Ngh√©",Qu·∫≠n 1,05:00 - 09:00,25k,
386,B√∫n ri√™u Ch·ªã G√°i,"B√∫n ri√™u, b√°nh canh",M√≥n n∆∞·ªõc,"64/19 Nguy·ªÖn Kho√°i, P. 2",Qu·∫≠n 4,06:00 - 15:00,20-30k,
387,B√°nh M√¨ Ch·∫£o C√¥ L·ªá,B√°nh m√¨ ch·∫£o,M√≥n kh√¥,"003 L√¥ D Chung C∆∞ Nguy·ªÖn Thi·ªán Thu·∫≠t, Nguy·ªÖn Thi·ªán Thu·∫≠t",Qu·∫≠n 3,07:00 - 14:00,20-35k,
388,V·∫°n qu√°n,L·∫©u g√† l√° √©,L·∫©u,"123/17 Nguy·ªÖn X√≠, Ph∆∞·ªùng 26",Qu·∫≠n B√¨nh Th·∫°nh,00:01 - 01:00 | 09:00 - 23:59,120-399k,
389,Ho√†nh th√°nh l√° Ng≈© Tr·∫£o,Ho√†nh th√°nh l√° t√¥m,M√≥n n∆∞·ªõc,"H·∫ªm 66 L√£nh Binh ThƒÉng, Ph∆∞·ªùng 13",Qu·∫≠n 11,15:00 - 22:00,35k,
390,Qu√°n B√°nh Canh Ch·∫£ C√° Phan Rang,B√°nh canh ch·∫£ c√°,M√≥n n∆∞·ªõc,"135 ƒê√¨nh Phong Ph√∫, P. TƒÉng Nh∆°n Ph√∫ B",Th·ªß ƒê·ª©c,06:00 - 12:00,20-30k,
391,"ƒÇN v·∫∑t, b√°nh tr√°ng n∆∞·ªõng, tr·ªôn",B√°nh tr√°ng tr·ªôn,ƒÇn v·∫∑t,"5 ƒê∆∞·ªùng S·ªë 42, P. 4",Qu·∫≠n 4,09:00 - 22:00,20-40k,
392,H√†u ƒë·∫°i d∆∞∆°ng,H√†u,Nh·∫≠u nh·∫πt,"179 Ph·∫°m H√πng, P.4",Qu·∫≠n 8,16:00 t·ªõi h·∫øt,30-50k,
393,L·∫©u B√≤ H·∫ªm 616,L·∫©u b√≤ ,L·∫©u,"H·∫ªm 616 C√°ch M·∫°ng Th√°ng 8, P. 11",Qu·∫≠n 10,18:00 - 22:00,100-200k,
394,B√≤ l√° l·ªët m·ª° ch√†i,b√≤ l√° l·ªët,M√≥n kh√¥,129/12B Ho√†ng VƒÉn Th·ª• p8,Qu·∫≠n Ph√∫ Nhu·∫≠n,15:00 ƒë·∫øn h·∫øt,80k,
395,Hachiba ramen ,M√¨ ramen ,M√≥n n∆∞·ªõc,"353 S∆∞ Ph·∫°m H·∫°nh, P12",Qu·∫≠n 10,10:00 - 21:30,48-80k,
396,Nhi Nhi Qu√°n,"B√°nh tr√°ng, c√° vi√™n",ƒÇn v·∫∑t,"164 ƒê∆∞·ªùng 20, P. 5",Qu·∫≠n G√≤ V·∫•p,15:00 - 22:30,7-28k,
397,Th√®m G√¨ C≈©ng C√≥,B√°nh tr√°ng t√≥p m·ª°,ƒÇn v·∫∑t,"327 Phan ƒê√¨nh Ph√πng, P. 15",Qu·∫≠n Ph√∫ Nhu·∫≠n,09:00 - 22:00,5- 75k,
398,Hey Pelo - Original French Tacos,B√°nh Tacos,M√≥n kh√¥,"S·ªë 60 Tr·∫ßn Kh·∫Øc Ch√¢n, P.T√¢n ƒê·ªãnh",Qu·∫≠n 1,10:30 - 22:20,30-110k,
399,Vua M√¨,M√¨ b√≤ h·∫ßm,M√≥n n∆∞·ªõc,190 Cao Th·∫Øng P. 11,Qu·∫≠n 10,11:00 - 23:59,20-50k,
400,H·∫£i S·∫£n Phan Thi·∫øt,·ªêc,Nh·∫≠u nh·∫πt,"005 L√¥ D C/c Nguy·ªÖn Thi·ªán Thu·∫≠t, P. 1",Qu·∫≠n 3,14:00 - 23:00,50-110k,
401,B√°nh M√¨ C√¥ ƒêi·ªáp,B√°nh m√¨,B√°nh m√¨,"238 V√µ Th√†nh Trang, P. 11",Qu·∫≠n T√¢n B√¨nh,06:00 - 00:00,25k,
402,B√°nh m√¨ B√πi Th·ªã Xu√¢n ,B√°nh m√¨,B√°nh m√¨,"122E B√πi Th·ªã Xu√¢n, P. Ph·∫°m Ng≈© L√£o",Qu·∫≠n 1,05:30 - 01:00,20-30k,
403,B√°nh m√¨ Ng√£ t∆∞ T√¢n Khai,B√°nh m√¨,B√°nh m√¨,"Ng√£ t∆∞ T√¢n Khai, Nguy·ªÖn b√° h·ªçc",Qu·∫≠n 11,05:00 - 11:00,10-20k,
404,Gi√≤ Heo Ph√° L·∫•u Kha Thi,Gi√≤ heo ph√° l·∫•u,M√≥n kh√¥,"37 ƒê∆∞·ªùng S·ªë 1, P. An L·∫°c",Qu·∫≠n B√¨nh T√¢n,09:00 - 21:00,10-70k,
405,H·ªß ti·∫øu c√° 80 nƒÉm Ph√°p M·∫≠p,H·ªß ti·∫øu c√°,M√≥n n∆∞·ªõc,"108/1 Bis Calmette, P. Nguy·ªÖn Th√°i B√¨nh",Qu·∫≠n 1,06:00 - 10:30,25-45k,
406,Sunset & Chill Sky Bar,Cafe,Qu√°n n∆∞·ªõc,"1143 B√¨nh Qu·ªõi, Ph∆∞·ªùng 28",Qu·∫≠n B√¨nh Th·∫°nh,07:00 - 00:00,,
407,Buffe ·ªëc C√¥ Giang,·ªêc,Nh·∫≠u nh·∫πt,"59 Nguy·ªÖn H·ªØu D·∫≠t,T√¢y Th·∫°nh",Qu·∫≠n T√¢n Ph√∫,,"trong tu·∫ßn 159k, cu·ªëi tu·∫ßn 179k",
408,Chick And Cheese,"G√† cay, g√† r√°n h√†n qu·ªëc",ƒÇn v·∫∑t,"963A1 L√≤ G·ªëm, P. 8",Qu·∫≠n 6,10:30 - 21:30,29-219k,
409,B√°nh Cu·ªën C√¥ Loan,B√°nh cu·ªën,M√≥n cu·ªën,"357B L√™ ƒê·∫°i H√†nh, P. 11",Qu·∫≠n 11,06:00 - 11:30,35-50k,
410,Qu√°n N∆∞·ªõng M√° Hai,"L·∫©u, n∆∞·ªõng",L·∫©u,"200 Nguy·ªÖn Th∆∞·ª£ng Hi·ªÅn, P. 5",Qu·∫≠n 3,10:00 - 22:00,20-70k,
411,Doya Jjambbong,M√≥n H√†n,Sang cho·∫£nh - Kh√¥ng gian xinh,"S63-1 Sky Garden 3, P. T√¢n Phong ",Qu·∫≠n 7,11:00 - 22:00,,
412,Qu√°n Ch√† B√°,"M·ª±c vi√™n, b√≤ vi√™n",ƒÇn v·∫∑t,"185Q Mai Xu√¢n Th∆∞·ªüng, P. 5",Qu·∫≠n 6,13:00 - 22:00,10-30k,
413,B√≤ Kho C√¢y Tho·∫°i Ng·ªçc H·∫ßu,B√≤ Kho ,M√≥n n∆∞·ªõc,"644 √Çu C∆°, P.10",Qu·∫≠n T√¢n B√¨nh,09:00 - 22:00,55k,
414,L·∫©u 72 Nguy·ªÖn Tr∆∞·ªùng T·ªô,L·∫©u,L·∫©u,"72 Nguy·ªÖn Tr∆∞·ªùng T·ªô, P. 3, Tp. V≈©ng T√†u",,09:00 - 21:00,50-200k,
415,H·ªß Ti·∫øu C√¥ B·∫£y,H·ªß ti·∫øu,M√≥n n∆∞·ªõc,"H·∫ªm 301 L√™ VƒÉn S·ªπ, P. 13",Qu·∫≠n 3,22:00 - 05:00,40-50k,
416,Tibon By Jayden,Tr√† tr√°i c√¢y,Qu√°n n∆∞·ªõc,299 Ho√†ng Sa,Qu·∫≠n 1,06:00 - 22:30,15-45k,
417,Nh√† Th∆°m,Tr√† tr√°i c√¢y,Qu√°n n∆∞·ªõc,"42CT Tam ƒê·∫£o, C∆∞ X√° B·∫Øc H·∫£i, P. 15",Qu·∫≠n 10,08:00 - 22:00,20-30k,
418,San San,M√¨ G√† Quay,M√≥n kh√¥,"147 Hoa Lan, P. 2",Qu·∫≠n Ph√∫ Nhu·∫≠n,09:30 - 22:00,50k,
419,B√∫n B√≤ C√¥ Thu,B√∫n b√≤,M√≥n n∆∞·ªõc,463B C√°ch M·∫°ng Th√°ng 8,Qu·∫≠n 10,15:30 - 00:00,30-40k,
420,Qu√°n √öt Ph∆∞·ª£ng,"H√° c·∫£o, ph√° l·∫•u",M√≥n n∆∞·ªõc,"12/15 L∆∞∆°ng ƒê·ªãnh C·ªßa, P. An Kh√°nh",Th·ªß ƒê·ª©c,12:00 - 20:00,20-35k,
421,M√¨ V·ªãt Ti·ªÅm H·ªØu K√Ω,M√¨,M√≥n n∆∞·ªõc,"84 Nguy·ªÖn VƒÉn L·∫°c, P. 19",Qu·∫≠n B√¨nh Th·∫°nh,06:00 - 23:59,50-100k,
422,B√°nh Canh Cua B√πi Ph√°t,b√°nh canh cua,M√≥n n∆∞·ªõc,"453/95 L√™ VƒÉn S·ªπ, P. 12",Qu·∫≠n 3,08:00 - 21:00,35k,
423,B√∫n Ri√™u Y·∫øn,b√∫n ri√™u,M√≥n n∆∞·ªõc,"1346 Tr∆∞·ªùng Sa, P. 3",Qu·∫≠n T√¢n B√¨nh,06:00 - 18:10,32k,
424,B√∫n ƒê·∫≠u Homemade,B√∫n ƒë·∫≠u,M√≥n kh√¥,1 Nguy·ªÖn VƒÉn Tr√°ng,Qu·∫≠n 1,10:00 - 20:30,25-100k,
425,B√°nh Canh Gia Lai,B√°nh canh,M√≥n n∆∞·ªõc,"33 D√¢n Tr√≠, P. 6",Qu·∫≠n T√¢n B√¨nh,12:00 - 22:00,30-76k,
426,B√°nh m√¨ c√¥ Huy·ªÅn,B√°nh M√¨ G√† X√© B∆° ,B√°nh m√¨,"6/7 ƒê·ªì S∆°n, P. 4",Qu·∫≠n T√¢n B√¨nh,06:00 - 23:00,25k,
427,Qu√°n Ph·ªü S·ª•n √îng Gi√† ƒê·∫ßu B·∫°c,Ph·ªü s·ª•n,M√≥n n∆∞·ªõc,"ƒê·ªëi di·ªán 212/7 Nguy·ªÖn VƒÉn Nguy·ªÖn, P. T√¢n ƒê·ªãnh",Qu·∫≠n 1,6h30 - 13h00,,
428,M·ªòC,B√≤ b√≠t t·∫øt,M√≥n kh√¥,11 C√¥ng Ch√∫a Ng·ªçc H√¢n. P. 13,Qu·∫≠n 11,07:30 - 12:00 | 18:30 - 21:00,60-75k,
429,Pizza 777,Pizza & Hotdog,M√≥n kh√¥,"122/7 Y√™n Th·∫ø, P. 2",Qu·∫≠n T√¢n B√¨nh,10:00 - 23:59,50-200k,
430,H·∫ªm n∆∞·ªõng 197,ƒê·ªì n∆∞·ªõng,M√≥n kh√¥,"197 Ng√¥ Quy·ªÅn, P. 6,",Qu·∫≠n 10,18:30 - 21:00,,
431,Lyn‚Äôs Chicken,G√† r√°n s·ªët,M√≥n kh√¥,"69 T√¢n Trang, P. 9",Qu·∫≠n T√¢n B√¨nh,11:00 - 20:30,20-30k,
432,B√°nh ∆∞·ªõt 25k ,B√°nh ∆∞·ªõt ,M√≥n n∆∞·ªõc,"117 Tho·∫°i Ng·ªçc H·∫ßu, Ho√† Thanh",Qu·∫≠n T√¢n Ph√∫,7h ƒë·∫øn h·∫øt,25k,
433,Trang Minh - B√∫n Ch·∫£ H√† N·ªôi,B√∫n ch·∫£ ,M√≥n n∆∞·ªõc,"169 B√πi ƒê√¨nh T√∫y, P. 24",Qu·∫≠n B√¨nh Th·∫°nh,06:30 - 20:00,30-50k,
434,BamBoo Qu√°n,B√°nh m√¨ ch·∫£o,B√°nh m√¨,"47/24/33 B√πi ƒê√¨nh T√∫y, P. 24",Qu·∫≠n B√¨nh Th·∫°nh,14:00 - 22:00,30-50k,
435,B√°nh m√¨ C√¥ L√†nh,B√°nh m√¨ th·ªãt b√≤ n∆∞·ªõng,B√°nh m√¨,"6 H·ªì Xu√¢n H∆∞∆°ng, P. 14",Qu·∫≠n B√¨nh Th·∫°nh,06:00 - 10:00 | 12:00 - 19:30,30-40k,
436,·ªêc Singapore,·ªêc,ƒÇn v·∫∑t,295 nguy·ªÖn gia tr√≠,Qu·∫≠n B√¨nh Th·∫°nh,15:00 - 23:00,20-200k,
437,B√°nh canh s∆∞·ªùn c√¢y 10k,B√°nh canh,M√≥n n∆∞·ªõc,"939 Ph·∫°m Th·∫ø Hi·ªÉn, P. 4",Qu·∫≠n 8,13:00 - 18:00,15-25k,
438,Ti·ªám Ch√°o Tr·∫Øng V·ªÅ ƒê√¢y Em,Ch√°o   ,M√≥n n∆∞·ªõc,221/10 Phan VƒÉn Kh·ªèe,Qu·∫≠n 6,16:00 - 19:00,2-20k,
439,H√° C·∫£o Chi LƒÉng,H√° c·∫£o  ,M√≥n n∆∞·ªõc,"340 L√£nh Binh ThƒÉng, P. 11",Qu·∫≠n 11,16:00 - 22:00,10-30k,
440,M√¨ Kh√¥ X√° X√≠u Gia Ph√∫c,M√¨ kh√¥ x√° x√≠u,M√≥n kh√¥,"198B X√≥m Chi·∫øu, P. 14",Qu·∫≠n 4,16:00 - 22:30,30-50k,
441,H·ªß T√≠u Chay H·∫ªm 80,H·ªß t√≠u chay,M√≥n n∆∞·ªõc,"H·∫ªm 80 L√£nh Binh ThƒÉng, P. 13",Qu·∫≠n 11,14:00 - 21:00,30-40k,
442,MiinTea,Tr√† S·ªØa & Tr√† Tr√°i C√¢y,Qu√°n n∆∞·ªõc,"104 ƒê∆∞·ªùng 17, Khu Ph·ªë 3, P.T√¢n Ki·ªÉng",Qu·∫≠n 7,08:00 - 22:30,19-39k,
443,Chicken Hot Spicy,G√† r√°n  ,M√≥n kh√¥,"445 Nguy·ªÖn Tri Ph∆∞∆°ng, P. 8",Qu·∫≠n 8,,30-150k,
444,Qu√°n ·ªëc Nh∆∞,·ªêc,Nh·∫≠u nh·∫πt,"45 ƒê. S·ªë 4, Tr∆∞·ªùng Th·ªç, Th·ªß ƒê·ª©c, Th√†nh ph·ªë H·ªì Ch√≠ Minh 70000, Vi·ªát Nam",Th·ªß ƒê·ª©c,16:00 - 23:00,50-200k,
445,T√†u H·ªß ƒê√°,T√†u H≈© ƒê√°,Tr√°ng mi·ªáng,"475 ƒê. Nguy·ªÖn VƒÉn B√°, Ph∆∞·ªõc Long B, Th·ªß ƒê·ª©c, Th√†nh ph·ªë H·ªì Ch√≠ Minh, Vi·ªát Nam",Th·ªß ƒê·ª©c,15:30 - 21:30,15k-50k,