"ÄÃƒ Sáº®P Xáº¾P THEO QUáº¬N, HUYá»†N		",,Mn muá»‘n recommend quÃ¡n á»Ÿ quáº­n nÃ o thÃ¬ add thÃªm dÃ²ng á»Ÿ quáº­n Ä‘Ã³ nha,Filter ,,"Má»ŒI NGÆ¯á»œI Lá»ŒC THEO QUáº¬N, HUYá»†N TÃŒM CHO Dá»„ NHA!",,
Loáº¡i quÃ¡n,MÃ³n - QuÃ¡n,Äá»ŠA CHá»ˆ - CN,Quáº­n,GiÃ¡ tiá»n,Review,FEEDBACK MN,á»¤A MN CÃ“ CHá»ˆNH ÄÆ¯á»¢C SHEET KHÃ”NG Dáº ? TUI ÄÃƒ Báº¬T PUBLIC EDIT Rá»’I Ã
Cafe,CÃ  phÃª trá»©ng Eggyolk,220 LÃª ThÃ¡nh TÃ´ng ,1,< 50k,,,
MÃ³n Nháº­t,Fujiro - mÃ³n Nháº­t,"8B1 ThÃ¡i VÄƒn Lung, Báº¿n NghÃ©, Q1 ",1,>100k,"heo, gÃ  chiÃªn á»Ÿ Ä‘Ã¢y siÃªu juicy, rcm mng thá»­ cÃ¡c set chiÃªn giÃ²n, cÃ¡ nhÃ¢n mÃ¬nh k thÃ­ch máº¥y pháº§n cÃ³ sá»‘t hoáº·c trá»©ng á»Ÿ trÃªn láº¯m",Háº»m nÃ y lÃ  cá»© Ä‘iá»ƒm Ä‘á»“ Äƒn Nháº­t nÃªn mÃºn Äƒn Ä‘á»“ Nháº­t (do ng Nháº­t nÃ¢u thÃ¬ cÃ³ thá»ƒ cÃ¢n nháº¯c vÃ o Ä‘Ã¢y) tuy nhiÃªn tÃ¹y quÃ¡n nÃªn giÃ¡ sáº½ giao Ä‘á»™ng khÃ¡c nhau láº¯m,
MÃ³n Viá»‡t,QuÃ¡n Äƒn Huáº¿ O XuÃ¢n,22 Nguyá»…n Há»¯u Cáº§u P. TÃ¢n Äá»‹nh Q.1 HCM,1,>30k,,,
Ä‚n Váº·t,BÃ¡nh xÃ¨o ,46A Äinh CÃ´ng TrÃ¡ng ,1,~ 60k,,,
Ä‚n Váº·t,ChÃ¨ CÃ´ Giang,85 CÃ´ Giang,1,15 - 25k,,,
Ä‚n Váº·t,Chá»‹ bÃ¡n bÃ¡nh trÃ¡ng káº¿ bÃªn ÄH Hoa Sen,8 Nguyá»…n VÄƒn TrÃ¡ng,1,25 - 40k,HÃ¬nh nhÆ° chá»§ nháº­t ko tháº¥y bÃ¡n?,,
MÃ³n Viá»‡t,Há»§ tiáº¿u mÃ¬/ sá»§i cáº£o kiá»ƒu Hoa,"255 Nguyá»…n CÃ´ng Trá»©, P. Nguyá»…n ThÃ¡i BÃ¬nh",1,35-45k,BÃ¡n sau 18h,,
MÃ³n Viá»‡t,Há»§ tiáº¿u xÃ¡ xÃ­u A PhÃº,"236 HÃ²a Háº£o, PhÆ°Æ¡ng 2, quáº­n 10 ",1,35-50,"Há»§ tiáº¿u khÃ´ xÃ¡ xÃ­u á»Ÿ Ä‘Ã¢y siÃªu ngon luÃ´n áº¡, sáº¡ch sáº½, ngon Ä‘áº¹p máº¯t, chá»§ dá»… thÆ°Æ¡ng. NhÆ°ng chá»‰ bÃ¡n tá»« 6-11h sÃ¡ng.",,
MÃ³n ThÃ¡i,Mama ThÃ¡i,"150/8B Ä. Nguyá»…n TrÃ£i, PhÆ°á»ng Báº¿n ThÃ nh",1,40 - 100k,mÃ³n thÃ¡i ,,
Cafe,Room44,"Táº§ng 2, Chung cÆ° 35 Nguyá»…n VÄƒn TrÃ¡ng",1,40 - 150k,croffle ngon ,,
Cafe,Haru Cafe,"Láº§u 2, 14 TÃ´n Tháº¥t Äáº¡m",1,40 - 150k,bÃ¡nh mÃ¬ nÆ°á»›ng phÃ´ mai bÆ¡ tá»i gáº¥t ngon,,
MÃ³n HÃ n, bigbro korean hotdog,"85 Há»“ TÃ¹ng Máº­u, Báº¿n NghÃ©, quáº­n 1",1,>30k,"ngon nhÆ°ng chá»— ngá»“i háº¡n cháº¿, há»£p takeaway",,
MÃ³n Viá»‡t,Kim KÃ½ MÃ¬ Gia,"255 Nguyá»…n CÃ´ng Trá»©, PhÆ°á»ng Nguyá»…n ThÃ¡i BÃ¬nh,",1,40k,,,
Ä‚n Váº·t,Pacey Cupcakes,"8 Tráº§n KhÃ¡nh DÆ°, PhÆ°á»ng TÃ¢n Äá»‹nh, Quáº­n 1",1,45 - 100k,,,
MÃ³n Viá»‡t,QuÃ¡n Ä‚n Ãšt HÆ°Æ¡ng,"TK18/1 Ä. Nguyá»…n Cáº£nh ChÃ¢n, Cáº§u Kho, Quáº­n 1",1,50 - 100k,"nhiá»u mÃ³n (recomend bÃ² nÃ©, mÃ¬ xÃ o giÃ²n) ngoÃ i ra cÃ²n cÆ¡m chiÃªn cÃ¡c loáº¡i, má»³ Ã½...",,
MÃ³n Viá»‡t,Há»§ tiáº¿u nam vang ThÃ nh Äáº¡t (CN gá»‘c),34 CÃ´ Báº¯c,1,50 - 70k,Chá»— nÃ y lÃ  chi nhÃ¡nh gá»‘c,,
MÃ³n HÃ n,XÃ¹ Food - mÃ³n HÃ n,"135/30 Tráº§n HÆ°ng Äáº¡o, PhÆ°á»ng Cáº§u Ã”ng LÃ£nh, Q1",1,Nhiá»u giÃ¡,,,
Ä‚n Váº·t,BÃ¡nh trÃ¡ng nÆ°á»›ng 2 chá»‹ em ,"Káº¿ bÃªn PhÃºc Long NgÃ´ Äá»©c Káº¿ (cÃ´ giÃ  giÃ  trÃ²n trÃ²n nhen, cÃ´ ngá»“i káº¿ quÃ¡n sinh tá»‘)",1,Nhiá»u giÃ¡,,,
MÃ³n Ã‚u,Pizza Belga,9A Phan Káº¿ BÃ­nh HCM,1,,Äá»“ Äƒn hÆ¡i máº·n tÃ­ xÃ­u nhÆ°ng mÃ  ngon :))),,
,Vee Ayy,"345/84 Tráº§n HÆ°ng Äáº¡o, quáº­n 1",1,>100,"Má»³ Ã½, soup tomyum siu ngon",,
Cafe,1966 space n coffee,"41/3 Calmette, quáº­n 1",1,50-80,"matcha uji siÃªu ngon, Ä‘i tá»‘i thÃ¬ chill hÆ¡n, khÃ´ng gian vá»«a pháº£i mÃ  áº¥m cÃºng láº¯m",,
Cafe,Auvery Cafe,"chung cÆ°, 54 KÃ½ Con, PhÆ°á»ng Nguyá»…n ThÃ¡i BÃ¬nh, Quáº­n 1",1,40-75,"Salted caramel matcha latte, lemon cake, croffles",,
MÃ³n Chay,CÆ¡m chay NhÃ ,"19/14 Nguyá»…n Thá»‹ Minh Khai, quáº­n 1",1,50,"mÃ´ hÃ¬nh buffet chay cÃ³ 50k thui (mÃ  cÅ©ng lÃ¢u rá»“i mÃ¬nh ch ghÃ© khÃ´ng biÃ©t cÃ³ tÄƒng k), Äƒn xong thÃ¬ mÃ¬nh tá»± dá»n bÃ¡t Ä‘Ä©a láº¡i má»™t gÃ³c Ã¡",,
Cafe,ONE7 Cold Brew Coffee,"150/7/3 Nguyá»…n TrÃ£i, P. Báº¿n ThÃ nh, Q.1, TP.HCM.",1,35-75k,"CÃ³ cold brew, moka pot, matcha, trÃ  thÃ¡i ngon, mÃ¡y quáº¡t, chá»— ngá»“i hÆ¡i háº¡n cháº¿, gá»­i xe free",,
MÃ³n Viá»‡t,QuÃ¡n cÆ¡m MÃª Kong,"136 Ä. SÆ°Æ¡ng Nguyá»‡t Ãnh, PhÆ°á»ng Pháº¡m NgÅ© LÃ£o, Quáº­n 1",1,>70k,"GiÃ¡ hÆ¡i cao, tiá»‡m hÆ¡i nÃ³ng nhÆ°ng mÃ  cÆ¡m ngon dÃ£ man luÃ´n Ã¡aa (highly rcm cÆ¡m cháº£ cÃ¡ nha, cháº£ cÃ¡ á»Ÿ Ä‘Ã¢y Ä‘Ãºng Ä‘á»‰nh)",,
MÃ³n Viá»‡t,Nem cua bá»ƒ NTMK,"15E Ä. Nguyá»…n Thá»‹ Minh Khai, Báº¿n NghÃ©, Quáº­n 1",1,100-200k,"QuÃ¡n nÃ y thÃ¬ lÃªn TV vá»›i máº¥y kÃªnh nhÆ° CNN Ä‘á»“ quÃ¡ chá»«ng nÃªn ngon khá»i pháº£i bÃ n, nma rcm Ä‘i Äƒn thÃ¬ pháº£i book bÃ n nha vÃ¬ kh book lÃ  chá» gáº§n 1 tiáº¿ng Ã¡ (tui Äƒn tá»« há»“i má»«i máº¥y tá»§i tá»›i giá» Ä‘c 5 nÄƒm gÃ¬ rÃ²y)",,
Cafe,HÃ´m nay cafe,"158/17 Nguyá»…n CÃ´ng Trá»©, PhÆ°á»ng Nguyá»…n ThÃ¡i BÃ¬nh, Quáº­n 1, Há»“ ChÃ­ Minh",1,,,,
MÃ³n Viá»‡t,PhÃ¡ Láº¥u LÃ¬,"1A Ä. SÆ°Æ¡ng Nguyá»‡t Ãnh, PhÆ°á»ng Pháº¡m NgÅ© LÃ£o, Quáº­n 1, Há»“ ChÃ­ Minh, Vietnam",1,,,,
MÃ³n Nháº­t,NEKOYA UDON - Tiá»‡m Äƒn con MÃ¨o,"38/10/22G Ä. Tráº§n Kháº¯c ChÃ¢n, PhÆ°á»ng TÃ¢n Äá»‹nh, Quáº­n 1",1,~100k,"Ä‘áº¿n Äƒn vÃ¬ bÃ© chÃ³ mÃ¨o á»Ÿ quÃ¡n, khÃ´ng ngá» dÃ­nh luÃ´n vÃ¬ Ä‘á»“ Äƒn ngon, kháº©u pháº§n khÃ¡ to, chá»§ tiá»‡m dá»… thÆ°Æ¡ng",,
MÃ³n Nháº­t,KABUKI ãŠã«ãã‚Š,"97 Ä. LÃª ThÃ¡nh TÃ´n, Báº¿n NghÃ©",1,>110k/ngÆ°á»i,Udon ngon cá»±c,,
NÆ°á»›c,Má»™t bÃ¡t trÃ ,Gáº§n cáº§u Ba Son q1 ,1,40-70k,ngon vcl. Äáº­m vá»‹ trÃ . YÃªn tÄ©nh lÃ©m,,
MÃ³n Viá»‡t,BÃ¡nh mÃ¬ cháº£ cÃ¡ BÃ¹i Thá»‹ XuÃ¢n,"152h BÃ¹i Thá»‹ XuÃ¢n, P.Pháº¡m NgÅ© LÃ£o, Q1",1,>25k,"Ngon, mÃ¹i cháº£ cÃ¡ siÃªu thÆ¡m luÃ´n, dáº¡ng cháº£ cÃ¡ sá»£i sá»£i Ã¡ ",,
MÃ³n Viá»‡t,  hÃ¡ cáº£o tÆ°Æ¡ng Ä‘en Ä‘áº·c siu ngon,57-59 Äá» ThÃ¡m p.CÃ´ Giang q1 ( tui Ä‘Æ°a Ä‘á»‹a chá»‰ káº¿ bÃªn quÃ¡n nha táº¡i ko nhá»› Ä‘c quÃ¡n ),1,,,,
Ä‚n Váº·t,KhÃºc báº¡ch Thanh,"57 Tráº§n NguyÃªn ÄÃ¡n, PhÆ°á»ng 1, Quáº­n 1, Há»“ ChÃ­ Minh (dÆ°á»›i chÃ¢n cáº§u HoÃ ng Hoa ThÃ¡m)",1,35-45k,"rcm tá»© quÃ½ cáº©m hoáº·c tá»© quÃ½ váº£i, khÃºc báº¡ch thÆ¡m phÃ´ mai siÃªu ngon",,
,Ä‚n sÃ¡ng vÄƒn phÃ²ng (bÃ¡n Ä‘á»•i mÃ³n theo ngÃ y),"sau lÆ°ng tÃ²a nhÃ  VCB 5 CÃ´ng trÆ°á»ng MÃª Linh, Báº¿n NghÃ©, Q1",1,40k,"CÃ´ chÃº bÃ¡n Ä‘á»•i mÃ³n, má»i ngÆ°á»i nÃªn thá»­ bÃºn bÃ² (T6) vÃ  miáº¿n gÃ  (T4+7) siu siu ngon, dÃ¢n VP gáº§n Ä‘Ã³ Äƒn nhÃ¬u",,
Bar,[Bar] House of Merlin,"178/1 Pasteur, Báº¿n NghÃ©, Quáº­n 1",1,,"MÃ³n cÃ¡ há»“i siÃªu recommend nha, Äƒn chung vá»›i cÃ¡i bÃ¡nh chiÃªn giÃ²n gÃ¬ dÆ°á»›i Ä‘áº¿ Ã¡. Pizza cÅ©ng ráº¥t vá»«a Äƒn nhÆ°ng lÃºc Ä‘Ã³ mÃ¬nh áº¥n tÆ°á»£ng máº¡nh cÃ¡ há»“i hÆ¡n NhÃ¢n viÃªn ráº¥t cÃ³ tÃ¢m, thiáº¿u Ä‘iá»u muá»‘n Ä‘á»™i mÃ¬nh lÃªn Ä‘áº§u. T3, 5, cn cÃ³ live jazz. LÃªn gg Ä‘á»ƒ xem quÃ¡n Ä‘áº¹p cá»¡ nÃ o",,
Cafe,TÃ² MÃ² Cafe,"Chung cÆ° 42, TÃ´n Tháº¥t Thiá»‡p, phÆ°á»ng Báº¿n NghÃ© Quáº­n 1",1,40-80k,"TrÃ , cafe ngon. Rcm trÃ  váº£i Hibiscus, trÃ  lÃ i xÃ­ muá»™i, trÃ  sen kem bÃ©o, matcha",,
MÃ³n Viá»‡t,BÃ¡nh mÃ¬ bÃ² nÆ°á»›ng Campuchia A TÃ¹ng,"171 Cá»‘ng Quá»³nh, Quáº­n 1",1,> 10k,"Buá»•i tá»‘i quÃ¡n siÃªu Ä‘Ã´ng khÃ¡ch, nhÃ¢n viÃªn phá»¥c vá»¥ cháº­m nÃªn mÃ¬nh pháº£i Ä‘á»£i mÃ³n khÃ¡ lÃ¢u. BÃ¹ láº¡i thá»‹t nÆ°á»›ng vá»›i bÃ¡nh mÃ¬ khÃ¡ vá»«a vá»‹ mÃ¬nh, thá»‹t bÃ² nÆ°á»›ng ngon hÆ¡n thá»‹t heo nhaaa. CÃ¡c mÃ³n Äƒn Ä‘a sá»‘ sáº½ thiÃªng hÆ¡i ngá»t, bÃ©o nÃªn nhanh ngÃ¡n, nhma lÃ¢u lÃ¢u khÃ´ng Äƒn thÃ¬ t láº¡i thÃ¨m ",,
,,"245/4 Ä. Nguyá»…n TrÃ£i, PhÆ°á»ng Nguyá»…n CÆ° Trinh, Quáº­n 1, Há»“ ChÃ­ Minh",,,,,
Ä‚n Váº·t,Doughnut House,"15/1 BÃ  LÃª ChÃ¢n, PhÆ°á»ng TÃ¢n Äá»‹nh, Quáº­n 1, Há»“ ChÃ­ Minh 700000",1,30-70,Donut ngon xá»‰u,,
Ä‚n Váº·t,ChÃ¨ cÃ´ HoÃ ng,955 TrÆ°á»ng Sa ,3,< 38k,,,
,TÃ¡i TÃ¡i Steakroom,94 CÃ¡ch Máº¡ng ThÃ¡ng TÃ¡m,3,<300K,,,
MÃ³n Viá»‡t,BÃºn bÃ² huáº¿ o huyá»n,997 hoÃ ng sa p11 q3,3,<50k,,,
,The Epic Roaster,49 NgÃ´ Thá»i Nhiá»‡m P6 Q3 HCM,3,>60k,,,
MÃ³n Viá»‡t,Phá»Ÿ - Miáº¿n gÃ  Ká»³ Äá»“ng,14/5Bis Ká»³ Äá»“ng P.9 Q.3 HCM,3,~50k,,,
MÃ³n Viá»‡t,CÆ¡m Táº¥m,"Äá»‘i diá»‡n BHX háº»m 251 Nguyá»…n Thiá»‡n Thuáº­t, Q3",3,30k-40k,,,
MÃ³n Viá»‡t,BÃ¡nh canh cua BÃ¹i PhÃ¡t,"453/95 Ä. LÃª VÄƒn Sá»¹, PhÆ°á»ng 12, Quáº­n 3",3,35-50k,,,
,TWENTEAFIVE TRÃ€ Sá»®A VÃ€ BÃNH TRÃNG Lá»¤I,"491A / 14 LÃª VÄƒn Sá»¹, Quáº­n 3",3,Tá»« 20k,"QuÃ¡n cÃ³ khÃ´ng gian ngá»“i ngoÃ i, trong nhÃ , nhÆ°ng trong nhÃ  hÆ¡i háº¡n cháº¿ khÃ¡ch vÃ¬ khÃ´ng gian nhá». Báº¡n nÃ o mÃª blindbox thÃ¬ cÃ³ thá»ƒ ghÃ© á»Ÿ Ä‘Ã¢y vÃ¬ cÃ³ má»™t tá»§ chÆ°ng ráº¥t nhiá»u blindbox","NÆ°á»›c ngon, Ä‘a dáº¡ng topping, nhiá»u tháº¡ch láº¡ mÃ  ngon nhÆ° tháº¡ch quÃ½t. Rcm cho mn trÃ  quÃ½t, matcha latte,  bÃ¡nh trÃ¡ng lá»¥i...GiÃ¡ cáº£ theo mÃ¬nh thÃ¬ há»£p lÃ½, nÆ°á»›c ngon, mÃ¬nh khÃ´ng hiá»ƒu táº¡i sao láº¡i hÆ¡i váº¯ng. ",
,BÃ¡nh mÃ¬ cÃ´ SÃ¡u,"285/26 VÃµ VÄƒn Táº§n, P.3, Q.3",3,20-30k,"BÃ¡nh mÃ¬ cÃ´ cÃ³ nÆ°á»›c máº¯m nhÃ  lÃ m Äƒn ráº¥t dÃ­nh, pate gan tá»± lÃ m. Rcm bÃ¡nh mÃ¬ bÃ¬. á»” Ä‘áº·c biá»‡t 30k cÃ´ cho Ä‘á»§ topping (vÃ  cho nhiá»u), Äƒn xong no quÃ¡ trá»i.",,
MÃ³n Chay,Buffet chay LÃ¡,"66/10 Pháº¡m Ngá»c Tháº¡ch, PhÆ°á»ng 6, Quáº­n 3",3,50k/ngÆ°á»i,"NÃ y quÃ¡n chay kiá»ƒu buffer, Äƒn j gáº¯p Ä‘Ã³. MÃ³n thÃ¬ sáº½ thay Ä‘á»•i theo ngÃ y. Äa dáº¡ng cÃ¡c mÃ³n tá»« rau xÃ o, gá»i, tá»›i cÃ¡c mÃ³n nÆ°á»›c. Äáº·c biá»‡t hoÃ nh thÃ¡nh chiÃªn Äƒn ráº¥t cuá»‘n. CÃ³ cáº£ chÃ¨ ná»¯a. Vá»‹ ráº¥t dá»‹u, vá»«a Äƒn, Äƒn dÃ´ lÃ m Ä‘áº£m báº£o tá»‹nh tÃ¢m lÃ¢ng lÃ¢ng lÃªn tá»›i mÃ¢y","Ãª ngon dá»¯ luÃ´n nha máº¥y cha!! nháº¥t lÃ  salad cÃ³ sá»‘t siÃªu ngon, hoÃ nh thÃ¡nh cÅ©ng bÃ¡ chÃ¡y luÃ´n",
MÃ³n Viá»‡t,BÃºn bÃ² viÃªn VÆ°á»n chuá»‘i,"116/1 VÆ°á»n chuá»‘i, PhÆ°á»ng 4, Quáº­n 3",3,34k,"Kháº©u pháº§n hÆ¡i Ã­t bÃºn, sá»¯a chua á»Ÿ Ä‘Ã¢y ráº¥t ngon",,
Ä‚n Váº·t,Bá»™t chiÃªn Äáº¡t ThÃ nh,"277 VÃµ VÄƒn Táº§n, PhÆ°á»ng 5, Quáº­n 3",3,35 - 100k,má»Ÿ cá»­a sau 1h,,
MÃ³n Viá»‡t,BÃºn bÃ² O Huáº¿,"290/81 LÃ½ ThÃ¡i Tá»•, P1, Q3",3,35-50k,Má»Ÿ chiá»u tá»‘i,,
Cafe,lazero cf,7 ngÃ´ thá»i nhiá»‡m q3 ( sau trÆ°á»ng marie curie),3,45-79,nÆ°á»›c hÆ¡i máº¯c vÃ¬ á»Ÿ trung tÃ¢m,,
MÃ³n Viá»‡t,Nechura - Nem chua rÃ¡n HÃ  Ná»™i - LÃª VÄƒn Sá»¹,115/12 LÃª VÄƒn Sá»¹ P13 Q PhÃº Nhuáº­n,3,49-69-89k,"Nem chua rÃ¡n HÃ  Ná»™i cÃ³ nÆ°á»›c cháº¥m cay ná»“ng siu ngon / TÃ¬m ""Nechura"" trÃªn cÃ¡c app giao hÃ ng nha.",,
,Gummy Chicken Steak," Háº»m 2/41 Ä. Cao Tháº¯ng, PhÆ°á»ng 5, Quáº­n 3",3,60 - 160k,,,
,no nÃª pasta,48 Nguyá»…n VÄƒn Mai,3,Nhiá»u giÃ¡,,,
MÃ³n Viá»‡t,trÃ²n kitchen,262c lÃª vÄƒn sá»¹ p14 q3,3,nhiá»u giÃ¡,off t4,,
MÃ³n Hoa,Sá»§i cáº£o Kon Lou,"3/71/10 ThÃ nh ThÃ¡i, Quáº­n 3",3,,,,
Ä‚n Váº·t,BÃ¡nh trÃ¡ng tá»i (báº¡n search gg cho chÃ­nh xÃ¡c),Chung cÆ° Tráº§n Quang Diá»‡u,3,,,,
,Steak Nam SÆ¡n,200 Nguyá»…n Thá»‹ Minh Khai P6 Q3,3,,Recommend steak Ä‘Ã  Ä‘iá»ƒu áº¡a,,
MÃ³n Viá»‡t,cÆ¡m táº¥m háº­u,"c/cÆ° Tráº§n Quá»‘c Tháº£o, 183B Tráº§n Quá»‘c Tháº£o, PhÆ°á»ng 9, Q3",3,,,,
MÃ³n Viá»‡t,BÃ¡nh mÃ¬ xÃ­u máº¡i chÃ©n Ä‘Ã¨n dáº§u,"416G Ä. Nguyá»…n Thá»‹ Minh Khai, PhÆ°á»ng 5, Quáº­n 3",3,5-25k,"BÃ¡nh mÃ¬ xÃ­u máº¡i ngon giá»‘ng ÄÃ  Láº¡t, bÃ¡n khuya",,
,Sowee space,"148/3 LÃ½ ChÃ­nh Tháº¯ng, P14",3,< 55k,TrÃ  sá»¯a trÃ  Ä‘en ngonn Ä‘iÃªn. GiÃ¡ hÆ¡i cao mÃ  Ä‘Æ°á»£c cÃ¡i dung tÃ­ch Ã­t (mÃ³n nÃ o cÅ©ng váº­y),,
,Haohouse Chicken (quÃ¡n nghá»‰ thá»© 2 hÃ ng tuáº§n),"174/51/32 Nguyá»…n Thiá»‡n Thuáº­t, phÆ°á»ng 3, quáº­n 3",3,15k-95k,"quÃ¡n bÃ© bÃ© náº±m trong háº»m thÃ´i do cÅ©ng lÃ  nhÃ  á»Ÿ nhÆ°ng cÃ´ chÃº dá»… thÆ°Æ¡ng láº¯m, Ä‘á»“ Äƒn ngon giÃ¡ cÅ©ng ráº», mÃ¬nh gá»i 3 mÃ³n lÃ  no xá»‰u luÃ´n rá»“i Ã¡. rcm mng Äƒn gÃ  xá»‘t sate máº­t ong, kimbap chiÃªn xÃ¹ nÃ¨",,
MÃ³n Viá»‡t,Nem nÆ°á»›ng cÃ´ ÄÃ o,Chá»£ Nguyá»…n VÄƒn Trá»—i,3,50,"cÃ´ dth, thÃªm rau bÃ¡nh trÃ¡ng bÃ¡nh há»i káº¹o thoáº£i mÃ¡i, cuá»‘i tuáº§n háº¿t sá»›m nÃªn tranh thá»§ trÆ°á»›c 19h nha",,
,Dulce de Saigon,"382/15 Ä. Nguyá»…n Thá»‹ Minh Khai, PhÆ°á»ng 5, Quáº­n 3",3,60-300,"BÃ¡nh ngá»t, cookie ngon Ä‘á»‰nh Ä‘iÃªn nháº¥t sg (máº¥y cÃ¡i choco Ä‘en cÃ³ háº¡t), bÃ¡nh cÃ  rá»‘t, cheesecake, cÃ¡i nÃ o cÅ©ng nÃªn thá»­",,
MÃ³n Viá»‡t, BÃ¡nh xÃ¨o cÃ´ Nguyá»‡t,"Chi nhÃ¡nh Tráº§n quá»‘c toáº£n, Q3",3,>10k,MÃ¬nh hay Ä‘áº·t trÃªn Shopeefood. Mua trÃªn 5 cÃ¡i lÃ  cÃ³ mÃ£ giáº£m nhiá»u Ã¹i. NÆ°á»›c cháº¥m bÃªn nÃ y lÃ  nÆ°á»›c cháº¥m Ä‘áº­u phá»™ng hay s Ã½. Ä‚n ngon láº¡ miá»‡ng. CÅ©ng cÃ³ nÆ°á»›c máº¯m nh mn nhá»› note vs tiá»‡m nhe. ,,
,Kocha matcha Spot,47/3 Pháº¡m Ngá»c Tháº¡ch,3,>85k,"QuÃ¡n chuyÃªn matcha, ngon, nhiá»u loáº¡i trÃ , khÃ´ng gian nhiá»u á»• Ä‘iá»‡n tha há»“ cháº¡y deadline",,
MÃ³n Viá»‡t,MÃ¬ Quáº£ng D5,"19/16 D5, bÃ¬nh tháº¡nh",3,,,,
MÃ³n Viá»‡t,Phá»Ÿ cÃ´ Nguyá»‡t ,"Xe phá»Ÿ Ä‘á»‘i diá»‡n chÃ¹a Kim CÆ°Æ¡ng, P.14, Q.3",3,~40k,,,
MÃ³n Viá»‡t,Láº©u gÃ  lÃ¡ Ã©,"716B TrÆ°á»ng Sa, P. 14, Quáº­n 3, TP. HCM",3,,,,
MÃ³n Viá»‡t,CÄƒn tin 15,"15 Nguyá»…n Gia Thiá»u, PhÆ°á»ng 6, Quáº­n 3",3,~35k,"CÆ¡m trÆ°a vÄƒn phÃ²ng ráº» mÃ  nÃ³ng há»•i, sáº¡ch sáº½, táº·ng kÃ¨m ya ua vá»›i trÃ  Ä‘Ã¡",,
MÃ³n Viá»‡t,XÃ´i Náº¿p Than CÃ´ ThuÃ½,"209/24 Ä. LÃª VÄƒn Sá»¹, PhÆ°á»ng 12, Quáº­n 3, Há»“ ChÃ­ Minh, Vietnam",3,,,,
MÃ³n Viá»‡t,bÃºn bÃ² má»¡ ná»•i cÃ´ NhÆ°,"274/29 VÃµ VÄƒn Táº§n, PhÆ°á»ng 5, Quáº­n 3, Há»“ ChÃ­ Minh",3,40k,"Ráº» vÃ  ngon, Ä‘Æ°á»£c vÃ´ danh sÃ¡ch Michelin mÃ  k tÄƒng giÃ¡",,
,The Donut Club,62B Pháº¡m Ngá»c Tháº¡ch Q3 (káº¿ Circle K),3,15-35,"Táº¡m thá»i lÃ  xe bÃ¡n hÃ ng, sáº¯p tá»›i cÃ³ má»Ÿ tiá»‡m collab vá»›i chieccupdo, bÃ¡nh ngon xá»‰u luÃ´n Ã¡",,
,Tiá»‡m mÃ¬ mi an,"2/24 Cao Tháº¯ng, phÆ°á»ng 5",3,45-70,"Siu ngonnnnn, sá»£i mÃ¬ tÆ°Æ¡i, rcm mng nÃªn Äƒn sá»‘t tomyum, Ä‘i vÃ o cuá»‘i tuáº§n hÆ¡i Ä‘Ã´ng pháº£i ngá»“i chá» xÃ­u, vá»›i cÃ³ máº¥y cÃ¡i bÃ n hÆ¡i nhá»",,
NÆ°á»›c,trÃ  sá»¯a Xuyáº¿n ,"129F/95C, Báº¿n VÃ¢n Äá»“n, F8, Q4",4,10k trá»Ÿ lÃªn,"trÃ  sá»¯a Ä‘Ã¢y ráº» mÃ  ngon nhm hÆ¡i ngá»t vá»›i t, Ä‘á»ƒ dÃ nh tá»›i thÃ¡ng háº¿t tiá»n uá»‘ng cÅ©ng á»•n láº¯m ngon ráº» nhe",,
MÃ³n Viá»‡t,MÃ¬ á»‘c Háº¿n DÃ¬ Lan,20/23 Nguyá»…n TrÆ°á»ng Tá»™ P13 Q4,4,35k - 50k,8h30-21h,,
MÃ³n Viá»‡t,CÆ¡m táº¥m Há»“ng Calmette,"134 HoÃ ng Diá»‡u, p9, q4",4,,bÃ¡n tá»« 16h,,
MÃ³n Viá»‡t,BÃ¡nh mÃ¬ Lan Mi,"125 TÃ´n Äáº£n, PhÆ°á»ng 15, Quáº­n 4",4,>40k/á»•,,,
Ä‚n váº·t,Flan Ngá»c Nga,"ÄÆ°á»ng 20 ThÆ°á»›c, Q4",4,>10k,"Flan, panna cotta, tÃ u hÅ© ngon ",,
MÃ³n Viá»‡t, HÃ  Ná»™i siÃªu ngon,"30 TÃ´n Äáº£n, PhÆ°á»ng 13, Quáº­n 4",4,48 - 75k,"Thiá»‡t ra tui váº«n chÆ°a cÃ³ cÆ¡ há»™i thá»­ nhiá»u quÃ¡n  láº¯m, nhma quÃ¡n nÃ y ngon nhaa, tui dÃ­nh á»Ÿ Ä‘Ã¢y tá»« lÃºc á»Ÿ SG tá»›i giá» luÃ´n",,
NÆ°á»›c,TrÃ  dÃ¢u cÃ´ Ba,"163 Bis TÃ´n Äáº£n, PhÆ°á»ng 14",4,>20k,"Menu Ä‘a dáº¡ng, trÃ  dÃ¢u ngon",,
MÃ³n HÃ n,"CÆ¡m trá»™n bÃ² báº±m, canh bulgogi bÃ² má»¹ náº¥m","143 TÃ´n Tháº¥t Thuyáº¿t, PhÆ°á»ng 15, Quáº­n 4, Há»“ ChÃ­ Minh",4,35-120k,"MÃ³n HÃ n siÃªu ngon, Ä‘i trá»… sáº½ hÆ¡i Ä‘Ã´ng nha mn. ",,
MÃ³n Nháº­t,Sukiya ramen,Nguyá»…n Tri PhÆ°Æ¡ng,5,< 25k ,chi nhÃ¡nh nÃ y ngÆ°ng nháº­n ck nha,,
Ä‚n váº·t,BÃ¡nh trÃ¡ng trá»™n - BÃ¡nh trÃ¡ng cuá»‘n cÃ´ Nga,"18A Nguyá»…n Kim, P. 12,  Quáº­n 5 
(cá»•ng sau trÆ°á»ng THPT HÃ¹ng VÆ°Æ¡ng)",5,20 - 40k,bÃ¡n táº§m trÆ°a chiá»u tá»›i 6 7h tá»‘i,,
Ä‚n váº·t,Cacao dá»«a DÃ¬ Lan," 329 HÃ¹ng VÆ°Æ¡ng, P9, Q.5",5,20 - 5k,"Há»“i 2017 cÃ²n ngon, giá» k báº±ng nhÆ°ng cÅ©ng cÃ³ thá»ƒ thá»­ cho biáº¿t",,
MÃ³n Hoa,Dimsum Há»c Láº¡c,"38B Há»c Láº¡c, PhÆ°á»ng 14, Quáº­n 5",5,35 - 48k,ráº¥t ngon,,
,Koo Kui Desserts - Cá»• CÆ° ChÃ¨ QuÃ¡n,"949 Ä. Nguyá»…n TrÃ£i, PhÆ°á»ng 14, Quáº­n 5",5,40 - 70k,"gáº§n Dimsum Há»c Láº¡c, cÃ³ thá»ƒ Ä‘i bá»™ qua láº¡i Ä‘Æ°á»£c",,
,Sá»§i cáº£o SÃ¢m,"409/12 Ä. Nguyá»…n TrÃ£i, PhÆ°á»ng 7, Quáº­n 5, Há»“ ChÃ­ Minh",5,50k >,"QuÃ¡n náº±m trong háº»m káº¿ bÃªn Phá»Ÿ Lá»‡, Ä‘i sá»›m táº§m 4h30 (quÃ¡n hay háº¿t sá»›m), nhá»› xin thÃªm tÃ³p má»¡ nhe ngon lá»›m",,
,Cá»­u Long QuÃ¡n,"76 Ä. BÃ¹i Há»¯u NghÄ©a, PhÆ°á»ng 7, Quáº­n 5",5,>80k,"Menu dimsum, cháº£ giÃ² tÃ´m háº¡nh nhÃ¢n ngonn",,
,MÃ¬ hoÃ nh thÃ¡nh Papa Lee's NoodleÂ ,"271, Tráº§n PhÃº, P7, Q5",5,,,,
,ChÃ¨ LÃ¢m Tháº¡nh,"486, Tráº§n HÆ°ng Äáº¡o, phÆ°á»ng 14, Quáº­n 5",5,15-32,ChÃ¨ ba mÃ u á»Ÿ Ä‘Ã¢y siu ngon <3 KhÃ´ng cÃ³ trÃªn app,,
,QuÃ¡n Äƒn SÃ i GÃ²n,"938 Ä. Tráº§n HÆ°ng Äáº¡o, PhÆ°á»ng 7, Quáº­n 5",5,>70,"BÃ¡n Ä‘á»“ hoa, dimsum ngon, bÃ¡nh cuá»‘n tÃ´m, chÃ¢n gÃ  tÃ u xÃ¬, sÆ°á»n non, hÃ¡ cáº£o sÃ² Ä‘iá»‡p nhá»©c nÃ¡ch",,
,ChÃ¨ cá»™t Ä‘iá»‡n,476 Tráº§n HÆ°ng Äáº¡o ,5, 15-40k,,,
,HÃ¡ cáº£o PhÃ¡nh,"LÃ´ B Chung CÆ°, Ä. Nguyá»…n TrÃ£i, PhÆ°á»ng 7, Quáº­n 5",5,,HÃ¡ cáº£o Ä‘á»“ cÃ³ 3k/viÃªn mÃ  viÃªn cÅ©ng to Ã¡,,
,Phá»Ÿ HÃ  Ná»™i,"499 Ä. An DÆ°Æ¡ng VÆ°Æ¡ng, PhÆ°á»ng 7, Quáº­n 5",5,>70k,"Phá»Ÿ ngÆ°á»i Báº¯c chÃ­nh gá»‘c, khÃ´ng bá»‹ quÃ¡ nhiá»u má»¡, Äƒn thanh Ä‘áº¡m mÃ  ngon láº¯m Ã¡",,
,CÆ¡m cÃ  ri gÃ  chiÃªn xÃ¹,"53 Nguyá»…n Thá»i Trung, P. 6, Quáº­n 5",5,,HÆ¡i cay cay xÃ­u nha ,,
,Dong Seoul ,"258 Tráº§n hÆ°ng Ä‘áº¡o, P11, Quáº­n 5",5,>45k,"Mn Ä‘i Äƒn nÃªn kÃªu mÃ¬ tÆ°Æ¡ng Ä‘en, thá»‹t heo chiÃªn chua ngá»t nhe. Äi 2 ng nÃªn kÃªu pháº§n nhá» thui lÃ  Äƒn vá»«a no áº¡. ",,
,BÃ¡nh canh cua BÃ  Ba,84/6 Nguyá»…n Biá»ƒu p1,5,100k,"chá»— nÃ y t Ä‘áº¿n Äƒn vÃ¬ cÃ¡i ná»“i bÃ¡nh canh, Äƒn á»•n Ã¡p, 2 ngÆ°á»i Äƒn no nhe",,
,Sushi MH,"185/2 Nguyá»…n VÄƒn Cá»«, P2, Q5",5,,,"CÃ¡ nhÃ¢n cáº£m tháº¥y chá»— nÃ y Äƒn khÃ¡ máº¥t vá»‡ sinh vÃ  Ä‘á»“ khÃ´ng tÆ°Æ¡i, mÃ¬nh Äƒn tháº¥y Ä‘au bá»¥ng",
,BÃ¡nh canh cua 14,14 Tráº§n BÃ¬nh Trá»ng Q5,5,50-100k,,,
,TrÃ  sá»¯a ChÃ¢u ViÃªn,Cao Äáº¡t Q5,5,10-30k,Gáº§n cáº§u chá»¯ Y,,
,Há»§ tiáº¿u mÃ¬ BÃ  Cao,"Chung cÆ° Nguyá»…n TrÃ£i lÃ´ A, 004 LÃ´ A, PhÆ°á»ng 7 Q5",5,,,,
,Zan Tai Wei è®šå°å‘³ - TrÃ  Sá»¯a & MÃ¬ BÃ² ÄÃ i Loan,"922 Ä. Tráº§n HÆ°ng Äáº¡o, PhÆ°á»ng 7, Quáº­n 5",5,~80k,,,
,LÃ² Äáº¥t BBQ,"159 Tráº§n Tuáº¥n Kháº£i, Q5",5,,,,
,Láº©u sa táº¿ uyÃªn Æ°Æ¡ng,"743/34 Ä. Há»“ng BÃ ng, PhÆ°á»ng 2, Quáº­n 6",6,150k - 250k ,,,
,PhÃ¡ láº¥u,"26 Pháº¡m VÄƒn ChÃ­, phÆ°á»ng 1, Quáº­n 6",6,<50,"NÃ³ dá»‹u, nÃ³ keooo, nÃ³ bÃ©o, nÃ³ ngon khÃ³ cÆ°á»¡ng",,
,Namba roastery,"153 BÃ  Hom P13, Q6",6,40-70k,"Ráº¥t lÃ  highly recommend cho mom nÃ o thÃ­ch yÃªn tÄ©nh, nÆ°á»›c ngon, nvien cute nhiá»‡t tÃ¬nh, mÃ¡t rÆ°á»£i. QuÃ¡n ruá»™t cháº¡y deadline cá»§a tui á»›",,
,"BÃ¡nh bÃ¨o, bÃ¡nh cuá»‘n, bÃ¡nh bá»™t lá»c, bÃ¡nh miá»n Trung Ä‘Ã³",120 Pháº¡m VÄƒn chÃ­ P1 Q6,6,25-30,"Ngon, sáº¡ch sáº½, dá»‹u kha. BÃ¡n táº§m xáº¿ chiá»u",,
,Há»§ tiáº¿u xÃ o A DÃ¬n ,"E39 cÆ° xÃ¡ PhÃº LÃ¢m B phÆ°á»ng 13, quáº­n 6",6,<50,"MÃ³n Ä‘á»“ xÃ o ngÆ°á»i hoa trá»i mÃ¡ Æ¡i nÃ³ ngon, thÆ¡m mÃ¹i khÃ³i vÃ  ráº¥t rcm cho cÆ° dÃ¢n mÃ¬nh nheee ; Ãª ngon thiá»‡t nha kkk",,
,Bonguu Beer,"S48-1 Sky Garden 2, PhÃº Má»¹ HÆ°ng, PhÆ°á»ng TÃ¢n Phong, Q7",7,> 100k,,,
,Mr.Beefsteak,"285 LÃ¢m VÄƒn Bá»n, BÃ¬nh Thuáº­n, Q7",7,100 - 300,"QuÃ¡n Ä‘á»“ Ã‚u, pasta, steak vÃ  cÃ¡ á»Ÿ Ä‘Ã¢y ráº¥t ngon. KhÃ´ng gian quÃ¡n khÃ´ng quÃ¡ to. Decor Ä‘áº¹p, áº¥m Ã¡p",,
Ä‚n váº·t,ChÃ¨,"1304 Huá»³nh Táº¥n PhÃ¡t, PhÃº Má»¹, Quáº­n 7",7,15k-30k,chÃ¨ thÃ¡i ngon cá»±c,,
MÃ³n Viá»‡t,BÃºn bÃ² SÃ´ng HÆ°Æ¡ng,"587 Huá»³nh Táº¥n PhÃ¡t, TÃ¢n Thuáº­n ÄÃ´ng, Q7",7,>40,Ráº¥t lÃ  ngon,,
MÃ³n Viá»‡t,BÃ¡nh Ä‘a cua - BÃºn cÃ¡ Anh ThÆ° Háº£i PhÃ²ng,"3 Ä. D1, PhÃº Má»¹, Q7 (káº¿ nhÃ  thuá»‘c Long ChÃ¢u + Minh Thi)",7,>10,Äi buá»•i chiá»u cÃ³ bÃ¡n bÃ¡nh xÃ¨o miá»n Trung ná»¯a nha,,
MÃ³n Viá»‡t,BÃºn bÃ² Huáº¿ cÃ´ XuÃ¢n ,"72 Ä‘Æ°á»ng sá»‘ 79, TÃ¢n Quy, q7",7,45-70k,,,
MÃ³n Viá»‡t,BÃºn bÃ² 47 Ngá»c Nga,47 Ä‘Æ°á»ng sá»‘ 41 phÆ°á»ng TÃ¢n Quy q7,7,40k,,,
Ä‚n váº·t,CÃ¡ viÃªn chiÃªn HÃ¹ng PhÃ¡t ,"94 Ä‘Æ°á»ng sá»‘ 7, TÃ¢n Kiá»ƒng, q7",7,,chiÃªn máº¯m ngonnnnnn,,
MÃ³n Viá»‡t,QuÃ¡n nÆ°á»›ng Báº£o ÄÄƒng,"1489 Huá»³nh Táº¥n PhÃ¡t, PhÃº Má»¹, q7",7,,"ngá»“i lá» Ä‘Æ°á»ng chill, giÃ¡ vá»«a táº§m, nhiá»u mÃ³n",,
MÃ³n Viá»‡t,BÃºn Ä‘áº­u nhÃ  tao,"595 LÃª VÄƒn LÆ°Æ¡ng, P.TÃ¢n Phong, Q7",7,<200k,"Ráº» mÃ  nhiá»u nha mÃ¡, Ä‘á»§ thá»ƒ loáº¡i cháº£ cá»‘m, nem chua rÃ¡n, giÃ² sá»¥n, cháº£ giÃ² cÃ¡c kiá»ƒu, thá»‹t chÃ¢n giÃ². Äáº·c biá»‡t bÃºn rau thÃªm free =))))",,
MÃ³n Viá»‡t,bÃºn bÃ² huáº¿ cÃ´ XuÃ¢n chá»£ ÄÃ´ng Ba,"72 ÄÆ°á»ng sá»‘ 79, TÃ¢n Quy, Quáº­n 7, Há»“ ChÃ­ Minh",7,55 - 70k,,,
MÃ³n Viá»‡t,BÃ¡nh cuá»‘n nÃ³ng Cao Báº±ng,"1266 Huá»³nh Táº¥n PhÃ¡t, PhÃº Má»¹, Quáº­n 7",7,>45k,"Ngon, Äƒn láº¡ miá»‡ng, nhá»› Ä‘i sá»›m táº§m trÆ°á»›c 7h tá»‘i",,
MÃ³n Viá»‡t,BÃºn cháº£ HÃ  Ná»™i,"34 Cao Triá»u PhÃ¡t, PhÃº Má»¹ HÆ°ng",7,60+,,,
MÃ³n Nháº­t,Sushi N ,71 tráº§n tuáº¥n kháº£i phÆ°á»ng 5 quáº­n 5,7,60k/p,Search quÃ¡n coi Ä‘á»‹a chá»‰ nha nhiá»u chi nhÃ¡nh láº¯m. 2 ngÆ°á»i Äƒn 1 máº¹t cÅ©ng tháº¥y no ná»¯a,,
MÃ³n Viá»‡t,NhÃ  tui cÃ  phÃª,"11 Ä‘Æ°á»ng sá»‘ 15, TÃ¢n Kiá»ƒng, Quáº­n 7",7,,"(matcha cacao ngon, nhÃ¢n viÃªn siÃªu nhiá»‡t tÃ¬nh)",,
MÃ³n HÃ n,Oppa Korean Food,"Sá»‘ 158, Ä‘Æ°á»ng 79, phÆ°á»ng TÃ¢n Quy, Quáº­n 7",7,25-50k,"QuÃ¡n ngon vÃ  ráº» láº¯m, cÃ²n Ä‘áº§y Ãº ná»¯a, máº¥y mÃ³n HÃ n siu há»£p gu mÃ¬nh, anh chá»‹ chá»§ nice lÃºm. Nhma quÃ¡n hÆ¡i nhá» nÃªn mng Ä‘á»ƒ Ã½ xÃ­u thÃ¬ má»›i nhÃ¬n tháº¥y",,
MÃ³n Viá»‡t,BÃºn Ä‘áº­u XÆ°a,"111B ÄÆ°á»ng sá»‘ 79, TÃ¢n Quy, Quáº­n 7",7,> 60k,"QuÃ¡n bÃºn Ä‘áº­u ruá»™t bÃªn Q7 cá»§a tui luÃ´n, tui lÃ  cáº¡ cá»©ng bÃºn Ä‘áº­u nÃªn cÅ©ng Äƒn giÃ¡p bÃªn mÃ© q7 rÃ¹i, chá»‰ má»—i quÃ¡n nÃ y lÃ  máº¯m tÃ´m ngon thui Ã­, topping nÃ³ng há»•i giÃ²n tan. Báº¡n tui khÃ´ng Äƒn Ä‘Æ°á»£c máº¯m tÃ´m nÃªn láº§n nÃ o cÅ©ng gá»i nÆ°á»›c máº¯m, nhma cá»• váº«n khen nÆ°á»›c máº¯m á»Ÿ Ä‘Ã¢y ngon Ã­ (cÃ³ 2 option máº¯m chua vá»›i máº¯m ngá»t nhaa)",,
MÃ³n Viá»‡t,QuÃ¡n bÃ¡nh cuá»‘n Láº¡ng SÆ¡n,"Náº±m trong chung cÆ° HoÃ ng Anh Gia Lai 1, 357 Ä. LÃª VÄƒn LÆ°Æ¡ng, TÃ¢n Quy, Quáº­n 7",7,> 40k,"QuÃ¡n nÃ y t tháº¥y trÃªn tiktok nhma xá»©ng Ä‘Ã¡ng Ä‘á»ƒ fomo nha. NgoÃ i bÃ¡nh cuá»‘n nÃ³ng há»•i vá»«a thá»•i vá»«a Äƒn ra thÃ¬ quÃ¡n cÃ²n nhiá»u mÃ³n ngon láº¯m, t hay Äƒn bÃºn má»c á»Ÿ Ä‘Ã¢y. Má»™t tÃ´ 4x cÃ¡ mÃ  má»c vá»›i thá»‹t viÃªn Ä‘áº§y Ãº á»¥. CÃ´ chÃº bÃ¡n cÅ©ng chá»¥c nÄƒm rÃ¹i Ã­, siÃªu thÃ¢n thiá»‡n luÃ´nn",,
MÃ³n Viá»‡t,á»c Kiá»u,"137 Ä. 17, TÃ¢n Thuáº­n TÃ¢y, Quáº­n 7",7,> 40k/mÃ³n,"ÃŠ t thá» cÃ¡i quÃ¡n nÃ y ngon vÃ£i Ã­, ráº» nhma á»‘c siÃªu cháº¥t lÆ°á»£ng so vá»›i giÃ¡, t vÃ´ tÃ¬nh tháº¥y nÃ³ trong má»™t láº§n cháº·t háº»m, nhma Ä‘áº¿n giá» váº«n Ã­t tháº¥y tiktoker review nÃªn t tháº¥y nÃ³ hÆ¡i flop vá»›i giá»›i tráº» bá»n mÃ¬nh Ã­. BÃ¬nh thÆ°á»ng t Ä‘i Äƒn toÃ n cÃ´ chÃº anh chá»‹ 9x Ä‘á»• lÃªn thui. Ngon láº¯m Ä‘i Äƒn Ä‘i. Nhma t khÃ´ng rec cÃ¡c loáº¡i nghÃªu háº¥p Ä‘Ã¢u nhe, t tháº¥y nghÃªu Äƒn uci nháº¥t lÃ  nghÃªu háº¥p thÃ¡i. CÃ²n láº¡i cÃ¡c mÃ³n nÆ°á»›ng, xÃ o bÆ¡, xÃ o rau muá»‘ng Ä‘á»u ngonnn",,
Ä‚n váº·t,Khoai lang - má»¡ - Ä‘á»§ thá»© chiÃªn chá»‹ Lan,"659 Ä‘Æ°á»ng Tráº§n XuÃ¢n Soáº¡n, TÃ¢n HÆ°ng, Quáº­n 7",7,> 15k,"T Äƒn quÃ¡n nÃ y tá»« há»“i nÃ³ chÆ°a hot trÃªn tiktok cÆ¡, quÃ¡n siÃªu Ä‘Ã´ng luÃ´n. Táº¡i vÃ¬ vá»«a ngon vá»«a ráº» Ã­, cÃ´ chÃº cÃ³ láº¯c phÃ´ mai vá»›i láº¯c xÃ­ muá»™i ná»¯a. Highly rec cho hÃ´m nÃ o buá»“n má»“m muá»‘n nhai cgi Ä‘Ã³",,
MÃ³n Viá»‡t,Láº©u gÃ  lÃ¡ Ã© PhÃº YÃªn QuÃ¡n,"71 Ä. Nguyá»…n Thá»‹ Tháº­p, BÃ¬nh Thuáº­n, Quáº­n 7",7,> 200k,"Má»™t quÃ¡n láº©u gÃ  lÃ¡ Ã© cÅ©ng khÃ¡ á»•n cho mÃ­ mom nÃ o thÃ¨m láº©u gÃ  mÃ  khÃ´ng thá»ƒ lÃªn ÄL Äƒn. BÃ¬nh thÆ°á»ng t hay gá»i 1 láº©u gÃ  lÃ¡ Ã© nhá», nhma váº«n Ä‘áº§y gÃ  + mÄƒng + náº¥m. Ncl ngon tuyá»‡t vá»i, nÆ°á»›c láº©u vá»«a má»“m luÃ´n. -1Ä‘ táº¡i vÃ¬ dáº¡o nÃ y quÃ¡n chuyá»ƒn sang dÃ¹ng gÃ  cÃ´ng nghiá»‡p thay vÃ¬ gÃ  ta nhÆ° trÆ°á»›c ná»¯a ",,
Ä‚n váº·t,Báº¯p nÆ°á»›ng 98A,"98A Ä‘Æ°á»ng sá»‘ 79, TÃ¢n Quy, Quáº­n 7",7,> 15k,"á» Ä‘Ã¢y vá»«a cÃ³ báº¯p má»¹ vá»«a cÃ³ báº¯p náº¿p nÆ°á»›ng luÃ´n Ã­, báº¯p nÆ°á»›ng báº±ng than nhma háº¡t báº¯p khÃ´ng bá»‹ khÃ´, ráº¥t má»mm. QuÃ¡n sáº½ trá»™n báº¯p vá»›i má»¡ hÃ nh, topping cÃ¡c thá»© nÃªn Äƒn siÃªu vá»«a vá»‹ t luÃ´n Ã­. Khoai lang nÆ°á»›ng cÅ©ng ngon Ä‘á»‰nh chÃ³p luÃ´nnn, cá»§ nÃ o cá»§ náº¥y á»©a máº­ttt. GhÃ© quÃ¡n Äƒn Ä‘i cmÃ y á»›iii",,
CÃ  phÃª,Sá»‘ng Cafe 24h,"14C1, Khu Ä‘á»‹nh cÆ° TÃ¢n Quy ÄÃ´ng, Quáº­n 7",7,> 45k,"ÃŠ má»™t quÃ¡n cÃ  phÃª 24h hiáº¿m hoi á»Ÿ Q7 mÃ  cÃ³ bÃ n cao, gháº¿ Ãªm, quÃ¡ á»•n cho má»™t buá»•i thÃ¢u Ä‘Ãªm Ä‘á»ƒ cháº¡y deadline. Máº·c dÃ¹ nÆ°á»›c hÆ¡i hÆ¡i uci thui nhma +10Ä‘ vÃ¬ bÃ n gháº¿ vÃ  khÃ´ng gian yÃªn tÄ©nh, t nguyá»‡n cáº¯m cá»c á»Ÿ Ä‘Ã¢y cháº¡y deadline Ä‘áº¿n khi t tá»‘t nghiá»‡p ra trÆ°á»ng. Ã€aa t highly rec mÃ³n trÃ  sá»¯a hoa há»“ng Ã­ (t quÃªn tÃªn trÃªn menu rÃ¹i, nÃ³ hoa má»¹ quÃ¡), máº¥y mom khÃ´ng thÃ­ch cÃ¡nh hoa há»“ng thÃ¬ cÃ³ thá»ƒ notes cho nhÃ¢n viÃªn Ä‘á»ƒ Ã­t hoáº·c khÃ´ng Ä‘á»ƒ nha (nhma t tháº¥y mÃ³n Ä‘Ã³ + list trÃ  sá»¯a khÃ¡c ngon nháº¥t trong dÃ n menu)",,
MÃ³n HÃ n,MÃ¬ tÆ°Æ¡ng Ä‘en Hoa Sinh Gak,"38-40 Khu Phá»‘ HÆ°ng PhÆ°á»›c 3, TÃ¢n Phong, Quáº­n 7",7,> 90k/mÃ³n,"Bestttttttttttttttttttttt mÃ¬ tÆ°Æ¡ng Ä‘en trong lÃ²ng t luÃ´n. Thá» khÃ´ng Ä‘áº¯ng, ráº¥t ngon ráº¥t Ä‘Ã¡ng thá»­, ngon hÆ¡n cÃ¡c quÃ¡n hot tiktok luÃ´n. Thá»­ vá»›i thá»‹t chiÃªn xÃ¹ Ä‘i, t Ä‘áº£m báº£o",- Confirm lÃ  ngon nha. CÃ¡ nhÃ¢n t tháº¥y mÃ¬ tÆ°Æ¡ng Ä‘en ngon hÆ¡n á»Ÿ Truyá»n thuyáº¿t Champong.,
MÃ³n HÃ n,Moon Tokbokki,"68 Cao Triá»u PhÃ¡t, TÃ¢n Phong, Quáº­n ",7,100 - 200k/ngÆ°á»i,"BÃ¬nh thÆ°á»ng t tháº¥y máº¥y quÃ¡n HÃ n chá»‰ ná»•i báº­t má»™t mÃ³n thui, kiá»ƒu quÃ¡n X ngon mÃ¬ tÆ°Æ¡ng Ä‘en, quÃ¡n Y ngon mÃ¬ láº¡nh. Nhma cÃ¡i quÃ¡n nÃ yyyy, best tokbokki, tr Æ¡i tok nÃ³ ngon kinh khá»§ng. CÃ²n cÃ¡c mÃ³n khÃ¡c cÅ©ng ngon ná»‘t luÃ´n, kiá»ƒu cáº£ menu ngon Ä‘á»u Ã­. Kimbap cÅ©ng ngon nÃ¨, cháº£ cÃ¡ cÅ©ng ngonn, mandu thÃ¬ vá» má»ng giÃ²n tan (khÃ´ng nhÆ° siÃªu thá»‹), Ä‘Ã¡ng thá»­ láº¯mm. MÃ  giÃ¡ cáº£ pháº£i chÄƒng trong PMH ná»¯a",,
BÃ¡nh,Kute Donuts,"74 Ä. Pháº¡m VÄƒn Nghá»‹, TÃ¢n Phong, Quáº­n 7",7,> 25k,"Mom nÃ o thÃ­ch Äƒn donut thÃ¬ táº¥p vÃ o Ä‘Ã¢y liá»n cho ttt. Donut siÃªu ngon, rÃ¡o dáº§u, má»mmm. Má»—i mÃ¹a lá»… cÃ²n cÃ³ seasonal donut ná»¯a. QuÃ¡ Ä‘Ã£",,
NÆ°á»›c,TrÃ  & Sá»¯a,"ÄÆ°á»ng sá»‘ 10, TÃ¢n Quy, Quáº­n 7 (Gáº§n Circle K)",7,>20k,"QuÃ¡n trÃ  sá»¯a ruá»™t cá»§a tt, trÃ  sá»¯a ráº» táº§m 25k nhma siÃªu Ä‘áº­m vá»‹ trÃ  (t cÃ³ thá»ƒ cáº£m nháº­n Ä‘Æ°á»£c sá»± khÃ¡c biá»‡t ráº¥t rÃµ cá»§a há»“ng trÃ , lá»¥c trÃ , olong cÃ¹ng cÃ¡c thá»ƒ loáº¡i latte, trÃ  sá»¯a trong menu luÃ´n Ã­). TrÃ¢n chÃ¢u/topping cÃ¡c loáº¡i cÅ©ng ngon ná»‘t. Ai muá»‘n thá»©c Ä‘Ãªm thÃ¬ cÅ©m cÃ³ thá»ƒ qua Ä‘Ã¢y uá»‘ng thá»­. Nhma anh chá»§ bÃ¡n siÃªu chill, má»Ÿ trá»… Ä‘Ã³ng sá»›m, hay táº¯t app, vá»›i hay nghá»‰ ná»¯a ğŸ¥¹",,
NÆ°á»›c,Tiá»‡m Fulleaf,"65 Mai VÄƒn VÄ©nh, TÃ¢n Quy, Quáº­n 7",7,>20k,"HÃ´m nÃ o quÃ¡n TrÃ  vÃ  Sá»¯a bÃªn trÃªn Ä‘Ã³ng cá»­a thÃ¬ t sáº½ tÃ© sang quÃ¡n nÃ y uá»‘ng, ráº» nhma cÅ©ng ngon ná»‘t. T siÃªu thÃ­ch trÃ  sá»¯a thÃ¡i Ä‘á» á»Ÿ Ä‘Ã¢y, kiá»ƒu nÃ³ rÃµ vá»‹ thÃ¡i Ä‘á» vÃ£iii. TrÃ  sá»¯a lÃ i gÃ¬ Ä‘Ã³ cÅ©ng ngon luÃ´nnn",,
MÃ³n Viá»‡t,Gá»i cuá»‘n,"79 Mai VÄƒn VÄ©nh, TÃ¢n Quy, Quáº­n 7 (chá»‹ chá»§ khÃ´ng Ä‘á»ƒ gg maps nÃªn mÃ¬nh notes Ä‘á»¡ Ä‘á»‹a chá»‰ gáº§n quÃ¡n nháº¥t nhaa, láº¡i Ä‘Ã³ sáº½ tháº¥y má»™t quáº§y gÃ³i cuá»‘n 7 cÃ¡/cuá»‘n mÃ u xanh)",7,7k/cuá»‘n,"7k má»™t cuá»‘n nhma cuá»‘n Ãº ná»¥, siÃªu cháº¥t lÆ°á»£ng vá»›i Ä‘á»§ bÃºn, rau (salad, rau thÆ¡m, giÃ¡) vÃ  tÃ´m, thá»‹t. Sá»‘t cháº¥m cá»§a chá»‹ lÃ m cÅ©ng ngon ná»‘t luÃ´n Ã­. Quan trá»ng lÃ  tui tháº¥y nÃ³ cÅ©ng sáº¡ch sáº½ luÃ´nn",,
Ä‚n váº·t,BÃ¡nh kem Thá» TÃ¢y,"51/54 Mai VÄƒn VÄ©nh, TÃ¢n Quy, Quáº­n 7",7,> 10k,"QuÃ¡n nÃ y siÃªu Ä‘Ã´ng luÃ´n, lÃºc nÃ o cháº¡y ngang cÅ©ng thÆ¡m ná»“ng mÃ¹i bÃ¡nh mÃ¬ vá»«a ra lÃ². á» quÃ¡n cÃ³ siÃªu nhiá»u siÃªu nhiá»u loáº¡i bÃ¡nh, tá»« bÃ¡nh ngá»t Ä‘áº¿n bÃ¡nh máº·n, mÃ  giÃ¡ cáº£ HS-SV, bÃ¡nh máº·n háº§u háº¿t Ä‘á»u tá»« 10 - 15k. T tháº¥y bÃ¡nh tart trá»©ng á»Ÿ Ä‘Ã¢y ngonn, t hay Äƒn mÃ³n nÃ y, báº¡n t cÅ©ng khen bÃ¡nh Flan ná»¯a. BÃ¬nh thÆ°á»ng t hay mua vá» bá» tá»§ Ä‘Ã´ng, sÃ¡ng dáº­y nÆ°á»›ng láº¡i báº±ng NCKD, +1 bá»¯a sÃ¡ng nhanh - gá»n - láº¹. Há»•m t cÅ©ng cÃ³ thá»­ Ä‘áº·t bÃ¡nh kem sinh nháº­t á»Ÿ Ä‘Ã¢y, thÃ¬ báº±ng 1 cÃ¡ch nÃ o Ä‘Ã³, t tháº¥y bÃ¡nh á»Ÿ Ä‘Ã¢y siÃªu ráº» so vá»›i máº·t báº±ng chung, mÃ  nÃ³ ngon má»›i hay Ã­ii. Phá»¥ kiá»‡n Ä‘i kÃ¨m free, Ä‘Æ°á»£c chá»n nhiá»u cá»‘t bÃ¡nh, siÃªu Æ°nggg",,
Ä‚n váº·t,QuÃ¡n Äƒn váº·t TrÃ¢m VÃ ng,"26 ÄÆ°á»ng Sá»‘ 7, TÃ¢n Kiá»ƒng, Quáº­n 7 (Cáº©n tháº­n nháº§m vá»›i quÃ¡n xiÃªn báº©n 26A bÃªn cáº¡nh nghenn)",7,> 10k/mÃ³n,"Menu cá»§a cÃ´ chÃº siÃªu nhiá»u mÃ  cháº¥t lÆ°á»£ng luÃ´n Ã­, t Äƒn mÃ³n nÃ o cÅ©ng tháº¥y vá»‹ sáº¡ch sáº½ nhÆ° á»Ÿ nhÃ  lÃ m (khÃ´ng Ä‘iÃªu). Nhma khs cÃ´ chÃº khÃ´ng add quÃ¡n trÃªn gg maps ná»¯a. T Äƒn mÃ³n nÃ o tháº¥y cÅ©ng ngon, tá»« xiÃªn báº©n Ä‘áº¿n chÃ¢n gÃ  sá»‘t thÃ¡i, rÃ¹i tok láº¯c phÃ´ mai, cÆ¡m chiÃªn, mÃ¬ xÃ o,... Ncl ngon láº¯m, nÆ°á»›c cÅ©ng ngon, cÃ¡ nhÃ¢n t tháº¥y ngon x100 láº§n so vá»›i máº¥y quÃ¡n Äƒn váº·t Ä‘Æ°á»ng Ä‘Ã´i khu Q7 luÃ´n Ã­. SiÃªu Ä‘Ã¡ng thá»­. 
Nhma lÃºc ghÃ© quÃ¡n thÃ¬ máº¥y mom cáº©n tháº­n bá»‹ nháº§m vá»›i quÃ¡n Äƒn váº·t (cá»§a anh chá»‹ tráº» tuá»•i) káº¿ bÃªn nhaa. QuÃ¡n nÃ y náº±m hÆ¡i khuáº¥t trong má»™t cÄƒn nhÃ  trá»‡t kiá»ƒu xÆ°a cÅ©, cÃ³ má»™t chÃº áº¥y menu vá»›i cháº¡y bÃ n Ã­ii",,
MÃ³n Hoa,HÃ¡ cáº£o xÃ­u máº¡i,"142 Ä. LÃ¢m VÄƒn Bá»n, BÃ¬nh Thuáº­n, Quáº­n 7",7,"Äá»“ng giÃ¡ 3,2k/viÃªn","HÃ¡ cáº£o cÃ´ chÃº bÃ¡n ngon, siÃªu ráº», mÃ¬nh hay mua má»™t pháº§n tháº­p cáº©m nhá» mÃ  Äƒn no á»© há»± luÃ´n. CÅ©ng Ä‘Ã¡ng thá»­ trong táº§m giÃ¡ Ã­ii",,
MÃ³n Viá»‡t,BÃ² LÃ¡ Lá»‘p - Gá»i Cuá»‘n 268,"31G Ä. Sá»‘ 14, TÃ¢n Quy, Quáº­n 7",7,>35k,"QuÃ¡n hÆ¡i nhá», Ã­t chá»— ngá»“i (chá»‰ cÃ³ 2 3 chiáº¿c bÃ n gháº¿ nhá»±a thui), chá»§ yáº¿u sáº½ bÃ¡n mang vá». Nhma bÃ¹ láº¡i thá»‹t bÃ² lÃ¡ lá»‘t vá»›i thá»‹t má»¡ chÃ i Äƒn ráº¥t ngon, thá»‹t nÆ°á»›ng lÃªn má»m áº©m. Anh chá»§ vui tÃ­nh, rau bÃ¡nh trÃ¡ng, nÆ°á»›c cháº¥m xin thoáº£i mÃ¡i khÃ´ng láº¥y xiá»n",,
Ä‚n váº·t,"Ä‚n váº·t (BÃ¡nh flan, panna cotta, chÃ¨,...)","36/11 ÄÆ°á»ng Sá»‘ 11, PhÆ°á»ng TÃ¢n Kiá»ƒng (náº±m sau trÆ°á»ng LÆ°Æ¡ng Tháº¿ Vinh)",7,>20k/mÃ³n,"CÃ³ Ä‘á»§ máº¥y mÃ³n Äƒn váº·t (bÃ¡nh trÃ¡nh, chÃ¨, chÃ©n cÃºt nÆ°á»›ng, bá»™t chiá»‡n, trÃ  sá»¯a,..) nhÆ°ng ngon nháº¥t lÃ  bÃ¡nh flan vÃ  panna cotta. Siu bÃ©o, má»m má»‹n vÃ  cÃ³ topping ná»¯a. Ráº¥t Ä‘Ã´ng khÃ¡ch",,
Ä‚n váº·t,BÃ¡nh trÃ¡ng trá»™n & cháº¥m,"ÄÆ°á»ng sá»‘ 14, TÃ¢n Phong, Quáº­n 7 (náº±m sau SC Vivo city)",7,> 15k,"CÃ“ TRÃŠN GRAB. QuÃ¡n cÃ³ bÃ¡nh trÃ¡ng cháº¥m siÃªu ngon, tui bá»‹ dÃ­nh cÃ¡i sá»‘t á»Ÿ Ä‘Ã¢y Ã©ee, bÃ¡nh trÃ¡ng trá»™n cÅ©ng ngon ná»‘t. Nhma hÃ¬nh nhÆ° CN cÃ´ sáº½ nghá»‰ nhaaa",,
NÆ°á»›c,Háº»m matcha,"83/7 bÃ´ng sao, phÆ°á»ng 5 quáº­n 8",8,>30k,"Ngon vÃ  ráº¥t ráº¥t thÆ¡m mÃ¹i matcha lun, nhÆ°ng náº¿u hok quen thÃ¬ cÃ³ thá»ƒ bá»‹ say trÃ ",,
NÆ°á»›c,Pino Matcha (BÃ¡n online trÃªn ins),Pick up táº¡i Chung cÆ° Giai Viá»‡t,8,>30k,"Ngon, ráº» vÃ  siÃªu há»£p kháº©u vá»‹, chá»§ quÃ¡n dth",,
MÃ³n Viá»‡t,BÃºn cÃ¡ nam vang Ba QuÃ­t,"801/79/10 Pháº¡m Tháº¿ Hiá»ƒn, P4, Q8 (Äá»‘i diá»‡n 893 Pháº¡m Tháº¿ Hiá»ƒn)",8,40k-120k,"QuÃ¡n náº±m trong háº»m, cÃ³ thá»ƒ há»i mn xung quanh quÃ¡n ba quÃ­t. QuÃ¡n nÃ y cá»§a ba mÃ¬nh Ã¡ bÃ¡n sÃ¡ng thui Ã , tÃ´ bÃ¬nh thÆ°á»ng thÃ¬ 40 cÃ²n thÃªm Ä‘áº§u cÃ¡ thÃ¬ tuá»³ size, ba mÃ¬nh bÃ¡n hÆ¡n 30 nÄƒm rÃ¹i nÃªn báº¡n ghÃ© Äƒn thá»­ nhaaa",,
MÃ³n Viá»‡t,XÃ´i gÃ  Ba PhÆ°Æ¡ng ,"BÃ¡n dá»c Ä‘Æ°á»ng Pháº¡m Tháº¿ Hiá»ƒn, Ä‘Ãªm bÃ¡n á»Ÿ NgÃ£ tÆ° Pháº¡m HÃ¹ng- Táº¡ Quang Bá»­u ",8,20- 30k ,"Ko biáº¿t há»£p vá»‹ má»i ngÆ°á»i ko chá»© tui Äƒn tháº¥y ngon vá»›i khÃ¡ch mua cÅ©ng nhiá»u ná»¯a. Äi tá»« Q5 qua ngay ngÃ£ tÆ° nhÃ¬n bÃªn trÃ¡i 
lÃ  tháº¥y Ã . Táº§m 5h lÃ  anh chá»‹ Ä‘áº©y xe ra ngÃ£ tÆ°, táº§m 10h30 -11h tá»‘i lÃ  háº§u nhÆ° háº¿t Ã¡ ",,
MÃ³n Viá»‡t,ChÃ¡o má»±c ,"TrÆ°á»›c chá»£ Pháº¡m Tháº¿ Hiá»ƒn, Ä‘Æ°á»ng Pháº¡m Tháº¿ Hiá»ƒn, p.5",8,Tá»« 15k ,"BÃªn nÃ y lÃ  nÆ¡i cá»©u Ä‘Ã³i tui má»—i lÃºc háº¿t tiá»n, chÃ¡o Äƒn hÆ¡i bá»‹ ngon luÃ´n,tÃ­nh Äƒn thá»­ 1 láº§n vÃ¬ Ä‘i ngang, ko ngá» nÃ³ ngon mÃ  
ngÃ y nÃ o tui cÅ©ng pháº£i Äƒn. Nhma lÃ¢u lÃ¢u váº¯ng bÃ³ng báº¥t chá»£t Ã¡ :( Táº§m 4h chiá»u lÃ  bÃ¡n tá»›i tá»‘i cháº¯c 7-8h Ã¡",,
MÃ³n Viá»‡t,XÃ´i lÃ¡ chuá»‘i tÃ´m khÃ´ ,271 Ä‘Æ°á»ng TÃ¹ng Thiá»‡n VÆ°Æ¡ng - gáº§n Ä‘Æ°á»ng VÄ©nh Nam (Khu chá»£ XÃ³m Cá»§i),8,> 17k ,"Äá»£t Äƒn thá»­ láº§n thÃ´i, xÃ´i nÃ³ ngon, khÃ¡ láº¡ nhma Äƒn láº¡i ráº¥t lÃ  dÃ­nh, tuy chá» lÃ¢u má»™t xÃ­u nhma xá»©ng Ä‘Ã¡ng. 
Chá»‰ bÃ¡n buá»•i sÃ¡ng tá»« 6h- 10h nhma táº§m 7h30 lÃ  xáº¿p hÃ ng Ä‘Ã´ng láº¯m Ã¡ ",,
NÆ°á»›c,TrÃ  sá»¯a Mon ,"Ngay cá»•ng ra trÆ°á»ng Äáº¡i há»c CÃ´ng nghá»‡ SÃ i GÃ²n, Ä‘Æ°á»ng ChÃ¢u Thá»‹ HÃ³a, P.4 (Ä‘i tá»« Cao Lá»— thÃ¬ 
tá»« GS25 cháº¡y xÃºn nhÃ¬n bÃªn pháº£i lÃ  tháº¥y)",8,>10k ,"Tui há»c á»Ÿ Ä‘Ã¢y nÃªn uá»‘ng suá»‘t, trÃ  pha hÆ¡i bá»‹ ngon luÃ´n Ã¡, giÃ¡ thÃ¬ há»c sinh sinh viÃªn, tui uá»‘ng bÃªn nÃ y nhÆ° khÃ¡ch má»‘i, nhá»› tÃªn
luÃ´n. SV á»§ng há»™ hÆ¡i bá»‹ nhiá»u, 10Ä‘ ko cÃ³ nhÆ°ng. BÃ¡n tá»« sÃ¡ng tá»›i chiá»u tá»‘i Ã¡",,
MÃ³n Viá»‡t,QuÃ¡n cÆ¡m - BÃºn bÃ² BÃ© Thá»§y ,"ÄÆ°á»ng ChÃ¢u Thá»‹ HÃ³a (Äá»‘i diá»‡n STU),p.4 ",8,Tá»« 25k,"MÃ¬nh hay Äƒn á»Ÿ Ä‘Ã¢y, Äƒn cÃ³ cÆ¡m thÃªm, sinh viÃªn vá»›i giáº£ng viÃªn Äƒn Ä‘Ã´ng láº¯m. 25k lÃ  no cÄƒng, Ä‘á»“ Äƒn cÃ³ hÆ¡i máº·n xÃ­u hoi nhma 
Äƒn vá»›i cÆ¡m lÃ  há»£p bÃ i. BÃºn bÃ² ngon nha, quÃ¡ Ä‘áº­m Ä‘Ã , anh chá»‹ chá»§ ngÆ°á»i Huáº¿ nÃªn Ä‘á»“ Äƒn cháº¥t lÆ°á»£ng láº¯m nha. BÃ¡n tá»« sÃ¡ng cho Ä‘áº¿n gáº§n 5h chiá»u lÃ  háº¿t r, ko cÃ³ bÃ¡n tá»‘i ",,
NÆ°á»›c,NÆ°á»›c sÃ¢m bÃ´ng cÃºc- SÃ¢m rong biá»ƒn ,"Ngay gÃ³c Ä‘áº§u Ä‘Æ°á»ng Ba ÄÃ¬nh (Äi tá»« cáº§u Nguyá»…n Tri PhÆ°Æ¡ng hÆ°á»›ng vá» Quáº­n 8, xuá»‘ng dá»‘c cáº§u nhÃ¬n bÃªn pháº£i lÃ  tháº¥y)",8,10k ,"Tui uá»‘ng trc Ä‘Ã³ vÃ  Ä‘c bÃ  chá»‹ giá»›i thiá»‡u, RCM sÃ¢m bÃ´ng cÃºc, nÃ³ thanh thanh uá»‘ng ngon láº¯m Ã¡. MÃ¬nh mua cho ai uá»‘ng, ai cÅ©ng khen ngon quÃ¡, nhá» mÃ¬nh mua suá»‘t. BÃ¡n tá»« trÆ°a tá»›i tá»‘i khuya luÃ´n á»› ",,
MÃ³n Viá»‡t,á»C 30k,127 Nguyá»…n Cháº¿ NghÄ©a PhÆ°á»ng 12 Quáº­n 8,8,>30k,"quÃ¡n bÃ¬nh dÃ¢n , ngon ráº» , siÃªu nhiá»u",,
MÃ³n Viá»‡t,cÆ¡m táº¥m Báº¿p HÆ°Æ¡ng 25k,280 HoÃ ng NgÃ¢n p16 q8 (káº¿ tiá»‡m há»§ tÃ­u cÃ´ TÆ°),8,25,"buá»•i trÆ°a hÆ¡i Ä‘Ã´ng, nÃªn Ä‘i buá»•i chiá»u, bÃ¡n tá»« 10h - 20h",,
MÃ³n Hoa,Há»§ tiáº¿u xÃ¡ xÃ­u hoÃ nh thÃ¡nh,"55 Ä‘Æ°á»ng Phong PhÃº, XÃ³m Cá»§i",8,> 40k/ ngÆ°á»i ,,,
MÃ³n Viá»‡t,DÃ¬ Báº£y Lá»™ Ä‘á»,Trong chá»£ BÃ´ng Sao ,8,30k ,"Äá»“ chay vá»‹ siÃªu thanh ngá»t, dÃ¹ Ã­t Äƒn chay váº«n Äƒn ngon lÃ nh.  NhÆ°ng bÃ  chá»§ hÆ¡i tÃ¹y há»©ng, thÃ­ch thÃ¬ bÃ¡n,  khÃ´ng thÃ­ch thÃ¬ Ä‘i du lá»‹ch tá»© sá»©. ",,
MÃ³n Viá»‡t,"Há»§ tiáº¿u, má»³, nui, bÃ¡nh canh",180 Ã‚u DÆ°Æ¡ng LÃ¢n P3 Q8,8,30-60k,CÃ´ chá»§ siu cuteeeeee,,
NÆ°á»›c,TrÃ  sá»¯a Mrs Kin,Äi vÃ o chá»£ bÃ´ng sao quáº¹o pháº£i cháº¡y tháº³ng lÃ  tá»›i,8,20 - 40k. ,Báº£ bÃ¡n nhiá»u loáº¡i quÃ¡ nhÆ°ng Menu siÃªu kinh khÃ¹ng gáº§n 40 mÃ³n. Tui thÆ°á»ng uá»‘ng trÃ¡i cÃ¢y nhÆ°ng cÃ¡c lattle cÅ©ng ngon,,
NÆ°á»›c,CÆ¡m gÃ  Nha Trang BÃ© Ba,"797A Táº¡ Quang Bá»­u, P5, Q8",8,28-40k,cÆ¡m canh Ä‘áº§y Ä‘á»§ táº§m 30k mÃ  ngon Ã¡c,,
MÃ³n Viá»‡t,TrÃ© trá»™n kiá»u quÃ¡ch,25 ÄÆ°á»ng 302 BÃ´ng Sao Quáº­n 8,8,50-100k,"TrÃ© trá»™n khÃ¡ ngon, 100k nhiá»u xá»‰u luÃ´n. ",,
MÃ³n Viá»‡t,Xe cÆ¡m táº¥m Long XuyÃªn sÃ¡ng ,"NhÃ  thá» Nam Háº£i, P.4 (Qua NgÃ£ tÆ° TQB- Pháº¡m HÃ¹ng bÃªn cáº¡nh NhÃ  thá» cÃ³ khu Ä‘á»“ Äƒn cháº¡y vÃ o nhÃ¬n bÃªn pháº£i lÃ  tháº¥y), hoáº·c sau trÆ°á»ng Tiá»ƒu há»c ThÃ¡i HÆ°ng)",8,30K ,,,
MÃ³n Viá»‡t,BÃºn nÆ°á»›c lÃ¨o CÃ  Mau (bÃºn máº¯m nha cáº£ nhÃ ),"C5/2 ÄÆ°á»ng Pháº¡m HÃ¹ng, Quáº­n 8
(Map: maps.app.goo.gl/7Df3Vrx56h4XjNYE6 )",8,30-45k,"Ngay chá»— rá»­a xe cáº·p bÃªn cÃ¢y xÄƒng HÃ²a BÃ¬nh nha cáº£ nhÃ , táº§m 7h tá»‘i cÃ´ má»›i dá»n ra bÃ¡n, hÃ´m trÆ°á»›c kÃªu 1 tÃ´ 30k mÃ  no Ãº á»¥ luÃ´n, hÃ¬nh nhÆ° cÃ´ chÃº cÅ©ng má»›i lÃªn SG sá»‘ng nÃªn cÅ©ng hiá»n vá»›i dth láº¯m",,
MÃ³n ThÃ¡i,BÃºn thÃ¡i,"640 SÆ° Váº¡n Háº¡nh, P12, Q10",10,42-65k,"NÆ°á»›c dÃ¹ng Ä‘áº­m Ä‘Ã , khÃ´ng pháº£i nÆ°á»›c giá»‘ng láº©u ThÃ¡i Ä‘Ã¢u :))) CÃ¢n nháº¯c vÃ¬ chá»— ngá»“i khÃ¡ nÃ³ng ",,
MÃ³n Hoa,Papa Lee Noodles ,7/41/15 ThÃ nh ThÃ¡i,10,< 30k,,,
,Himaa Matcha,"192/30-32 NgÃ´ Quyá»n, P8, Q10",10,>30k,"Matcha Nháº­t, cÃ³ nhiá»u loáº¡i dÃ²ng trung bÃ¬nh tháº¥p, pha khÃ¡ ngon",,
,ChÃ¨ Thanh Thanh,"142 Cao Tháº¯ng, P10, Q10",10,>30k,"ChÃ¨ ngon, thanh, Ã­t ngá»t, cÃ³ 2 loáº¡i cá»‘t, loáº¡i cá»‘t cá»§a bÃ¡nh flan ngon hÆ¡n chÃ¨ thÃ¡i",,
MÃ³n Viá»‡t,BÃºn bÃ² cÃ´ Thu,"463B CMT8, P13, Q10",10,>35k,"Ngon, Ä‘áº§y Ä‘áº·n, quÃ¡n lá» Ä‘Æ°á»ng ngá»“i bÃ n tháº¥p",,
MÃ³n Hoa,Khang Dimsum,"200 Nguyá»…n Tri PhÆ°Æ¡ng, P4, Q.10",10,150 - 250k,,,
MÃ³n Viá»‡t,Bá»™t chiÃªn Nguyá»…n Kim,"187 Nguyá»…n Kim, PhÆ°á»ng 6, Quáº­n 10, Há»“ ChÃ­ Minh",10,30 - 60k,"Má»Ÿ tá»« 11h trÆ°a tá»›i 10h tá»‘i, thÆ°Æ¡ng láº¯m má»›i chá»‰ nha, Ä‘Ã´ng quÃ¡ tui hÃ´ng cÃ³ chá»— ngá»“i ğŸ¥²",- QuÃ¡n cá»§a cÃ´ chÃº ngÆ°á»i Hoa má»Ÿ tá»« ráº¥t lÃ¢u rá»“i nhen. Ä‚n ngon vÃ  bÃ¬nh thÆ°á»ng cÅ©ng siÃªu Ä‘Ã´ng,
Ä‚n váº·t,"Gáº¡c-MÄƒng-RÃª (Äá»“ Äƒn váº·t: bÃ¡nh trÃ¡ng, cÃ¡ viÃªn,...)","7/25, ThÃ nh ThÃ¡i, PhÆ°á»ng 14, Quáº­n 10",10,30 - 60k,Decor theo style xÆ°a,,
NÆ°á»›c,Min Tea & Hotdog ,"207/35 Ä. 3 ThÃ¡ng 2, PhÆ°á»ng 10, Quáº­n 10, Há»“ ChÃ­ Minh",10,30-100k,TrÃ  sá»¯a Ä‘áº­m trÃ ,,
MÃ³n Viá»‡t,Phá»Ÿ Bi Sáº¯t,28 NgÃ´ Quyá»n P8 Q10,10,45-65k,"sÃ¡ng bÃ¡n bth, chiá»u 16-20g T2-6 hui",,
MÃ³n Viá»‡t,BÃºn bÃ² XÆ°a ,"169 Cao Tháº¯ng, phÆ°á»ng 11, quáº­n 10 ",10,35 - 50,"Ngonn láº¯m Ã¡, nhiá»u chi nhÃ¡nh, gia truyá»n mÃ  giá»¯ Ä‘Æ°á»£c giÃ¡ tá»‘t",,
,ALittle Tea,"230 Nguyá»…n Tri PhÆ°Æ¡ng, P4, Q.10",10,45 - 60k,Ä‘Äƒng kÃ½ thÃ nh viÃªn Ä‘Æ°á»£c free topping,,
MÃ³n Viá»‡t,BÃ² Kho GÃ¡nh SÃ i GÃ²n,"Chung CÆ° NgÃ´ Gia Tá»±, LÃ´ H/029 Ä. SÆ° Váº¡n Háº¡nh, P.2",10,50 - 100k,cáº¡nh chÃ¨ mÃ¢m KhÃ¡nh vy,,
MÃ³n HÃ n,Kokoria - mÃ³n HÃ n,"207/33 Ä‘Æ°á»ng 3 thÃ¡ng 2 Tá»• 58 Khu phá»‘ 6, PhÆ°á»ng 10, Q10",10,55-300k,Sá»‘p nÃ o thÃ­ch Äƒn Ä‘á»“ HÃ n thÃ¬ Æ°u tiÃªn nha:3,,
,ChÃ¨ mÃ¢m KhÃ¡nh Vy,Ngay gÃ³c chung cÆ° NgÃ´ Gia Tá»± ,10,7-12k,,,
,NhÃ  hÃ ng chay Vajra,"711 Ä. LÃª Há»“ng Phong, PhÆ°á»ng 12, Quáº­n 10",10,70 - 150k,,,
,TrÃ  sá»¯a BÄƒng ThÃ nh,"352 Nguyá»…n Duy DÆ°Æ¡ng, quáº­n 10",10,,"Äáº­m trÃ , máº¥y anh khiáº¿m khuyáº¿t pha Ã­ nÃªn siÃªu rcm á»§ng há»™ áº¡",,
,B Ãºn bÃ²,,,,,,
,"OH STYLE  ( GÃ  sá»‘t, tok, ramen gÃ ,â€¦)","436a/63 3 thÃ¡ng 2 ( Ngon, ráº» bá»‹ cÃ¡i Ä‘á»£i lÃ¢u)",10,,,,
,TrÃ  sá»¯a NhÃ  Pao's,"513 CMT8, P13, Q10",10,,TrÃ  sá»¯a pha mÃ¡y Ä‘áº­m vá»‹,,
,BÃ¡nh trÃ¡ng trá»™n CÃ´ Lan,"01 Ä‘Æ°á»ng 3/2, P11, Q10",10,,,,
,TrÃ  sá»¯a FUTEA ThÃ nh ThÃ¡i,"108 ThÃ nh ThÃ¡i, P12, Q10",10,,,,
,QuÃ¡n cÃ´ NÄƒm chim cÃºt chiÃªn bÆ¡,"54 Äá»“ng Nai, PhÆ°á»ng 15",10,10-35k,"Äi tá»‘i hÆ¡i Ä‘Ã´ng, chiá»u thÃ¬ okie nhe",,
,BÃ¡nh canh cua Háº¡nh,"Chung CÆ° NgÃ´ Gia Tá»±, LÃ´ F/001 HoÃ  Háº£o, PhÆ°á»ng 2, Quáº­n 10",10,45k,,,
,Aussie Meat,"595/29A3 CÃ¡ch Máº¡ng ThÃ¡ng 8, PhÆ°á»ng 15, Quáº­n 10",10,100-340k,"Beef steak vá»‰a hÃ¨, Ä‘áº¯t mÃ  ngon , dÃ¹ng ribeye vá»›i tenderloin",,
,Ramen Kimura,465 SÆ° Váº¡n Háº¡nh,10,<60k,,,
,Tiá»‡m bÃ¡n báº¯p rang bÆ¡,"54 ThÃ nh ThÃ¡i, P.12, Q. 10 (TrÆ°á»›c nhÃ  thá» Äá»“ng Tiáº¿n)",10,15k,"CÃ³ nhiá»u vá»‹ socola, matcha, nguyÃªn báº£n,....",,
,CÆ¡m táº¥m VÄ©nh Viá»…n,"227, VÄ©nh Viá»…n, phÆ°á»ng 4, quáº­n 10",10,29-45k,,,
,Chá»‘n riÃªng ,156/7e TÃ´ Hiáº¿n ThÃ nh P15,10,<25k,,,
,BÃ¡nh trÃ¡ng trá»™n ,623/20/33 ÄÆ°á»ng CÃ¡ch máº¡ng ThÃ¡ng 8 ,10,>20k ,"BÃ¡nh trÃ¡ng cá»§a bÃ  tui mua Äƒn nhiá»u láº§n rá»“i. Ta nÃ³i má»Ÿ bá»‹ch bÃ¡nh ra lÃ  nÃ³ muá»‘n Äƒn rá»“i, cÃ³ thá»‹t báº±m trá»™n, Äƒn nÃ³ dÃ­nh láº¯m. Tui Äƒn
1 bá»‹ch cÃ²n k Ä‘Ã£, pháº£i Äƒn 2- 3 bá»‹ch ms chá»‹u, bÃ¡n cháº¯c táº§m tá»‘i mng qua lÃ  okie. Bá»¯a tui qua lÃ  7h tá»‘i Ã¡ ",,
,ChÃ¨ thÃ¡i Ã PhÆ°Æ¡ng,"382 Ä. Nguyá»…n Tri PhÆ°Æ¡ng, PhÆ°á»ng 4, Quáº­n 10",10,40k,"QuÃ¡n nÃ y cÅ©ng ná»•i, má»™t ly chÃ¨ Ä‘áº§y á»¥ nÃªn giÃ¡ tháº¥y vá»«a pháº£i",,
, ,Háº»m 660 ÄÆ°á»ng 3/2 (TrÆ°á»›c chung cÆ° HÃ²a BÃ¬nh),10,Tá»« 40k,"Bá»¯a nguyÃªn há»™i Ä‘i Äƒn, Äƒn ngon láº¯m nÃ¨. Thá»‹t nÆ°á»›ng ngon, nÆ°á»›c máº¯m thanh nÃ³ng há»•i. NÃ³i chung nÃ³ ngon ",,
,BÃ¡nh canh cua cÃ´ dung gia truyá»n,"291 VÄ©nh Viá»…n, P8, Q10",10,45-48k,Ngonnnnnnnnn,,
,Chef Gáº¥u (cÆ¡m curry Nháº­t vá»›i thá»‹t heo chiÃªn xÃ¹),"41/28 Ä. NgÃ´ Quyá»n, PhÆ°á»ng 6, Quáº­n 10",10,>80k,"nghá»‰ thá»© 3
nÃªn order trÃªn app vÃ¬ cÃ³ nhÃ¬u mÃ£",,
,BÃºn sá»©a,416 hoÃ  háº£o f5 q10 (nhÃ¬n xÃ©o qua chá»© khÃ´ng nhá»› Ä‘á»‹a chá»‰ cá»¥ thá»ƒ),10,>32k,"(há»£p vá»›i báº¡n nÃ o khoÃ¡i nÆ°á»›c dÃ¹ng thanh nháº¡t, 1 tÃ´ chÃ  bÃ¡, theo kháº©u vá»‹ cá»§a mÃ¬nh thÃ¬ tháº¥y nÃ³ ngon nma hÃ¬nh nhÆ° k nhiá»u ngÆ°á»i biáº¿t, mng Ä‘áº¿n giáº£i cá»©u Ä‘i áº¡ chá»© mÃ¬nh sá»£ quÃ¡n Ä‘Ã³ng cá»­a )",,
MÃ³n chay,QuÃ¡n chay ThÃ´i Ká»‡,"727 Ä. LÃª Há»“ng Phong, PhÆ°á»ng 12, Quáº­n 10",10,> 15k,"ÃŠ chá»— nÃ y bao la báº¡t ngÃ n Ä‘á»“ chay luÃ´n, bÃ¡nh bao bÃ¡nh xÃ¨o, mÃ¬ gÃ³i, láº©u,... Ä‘á»§ cÃ¡c thá»ƒ loáº¡i trÃªn trá»i dÆ°á»›i Ä‘áº¥t. Máº·c dÃ¹ quÃ¡n cÃ³ Äƒn táº¡i chá»— nhma t tháº¥y khÃ´ng gian nhá» + nÃ³ng, thÃ­ch há»£p take away hÆ¡n. LÃºc nÃ o cÅ©ng Ä‘Ã´ng háº¿t, +1 quÃ¡n chay ráº» ngon cháº¥t lÆ°á»£ng cho cÃ¡c mom nha",,
MÃ³n chay,NhÃ  hÃ ng chay Vajra,"711 Ä. LÃª Há»“ng Phong, PhÆ°á»ng 12, Quáº­n 10",10,>50k,"Má»™t chiáº¿c nhÃ  hÃ ng chay mÃ  t siÃªu thÃ­chhh, tá»« mÃ³n Äƒn Ä‘áº¿n khÃ´ng gian luÃ´n. Mang danh nhÃ  hÃ ng nhma thiá»‡t ra t tháº¥y giÃ¡ cáº£ váº«n uci trong táº§m giÃ¡ Ã­. Ncl rec nha",,
,BÃ¡nh canh cua,"gáº§n 145 TÃ´ Hiáº¿n ThÃ nh, q10 ",10,30k,"MÃ¡ Æ¡i, t nÃ³i cÃ³ khi ngon hÆ¡n bÃ¡nh mÃ¬ Huá»³nh Hoa :) Pate vÃ  bÆ¡ cho ráº¥t nhiá»u, thá»‹t cÅ©ng váº­y. Äáº·c biá»‡t pate ráº¥t ngon mÃ  giÃ¡ ráº» vcl. Nhá»› k nháº§m lÃ  30k j Ä‘Ã³, cÃ³ thá»ƒ giá» khÃ¡c BUT NGON VCL",,
,Malatang - Mala Panda,"SÆ° Váº¡n Háº¡nh, Quáº­n 10",10,70-200k,,,
,BÃ¡nh canh gháº¹ Muá»‘i á»›t xanh,484c nguyá»…n tri phÆ°Æ¡ng p9 q10 hcm,10,80-150,GiÃ¡ máº¯c nhÆ°ng cháº¥t lÆ°á»£ng láº¯m. Tuá»³ size gháº¹ giÃ¡ khÃ¡c. NÆ°á»›c dÃ¹ng bÃ¡nh canh siÃªu siÃªu siÃªu siÃªu ngon. NhÆ°ng Ä‘á»«ng Äƒn vÃ o cuá»‘i ngÃ y vÃ¬ nÆ°á»›c bÃ¡nh canh sáº½ bá»‹ máº·n hÆ¡n (cháº¯c do hÃ¢m láº¡i nhiá»u ???â€¦),,
MÃ³n Viá»‡t,BÃºn Ä‘áº­u NÃ³n LÃ¡ (Gáº§n UEH csB),"188 Nguyá»…n Tri PhÆ°Æ¡ng, P.4, Quáº­n 10, TP. HCM",10,25k-60k,"SiÃªu nhiá»u, siÃªu ngon, siÃªu nÃ³ng, siÃªu giÃ²n, nhÃ¢n viÃªn siÃªu dá»… thÆ°Æ¡ng",,
,CÃºt chiÃªn bÆ¡ cÃ´ Oanh,"212 TÃ´ Hiáº¿n ThÃ nh, Q10",10,>22k,,,
,BÃ² kho,"QuÃ¡n ngay háº»m Ä‘áº§u tiÃªn trÃªn Ä‘Æ°á»ng Tráº§n NhÃ¢n TÃ´n, hÆ°á»›ng tá»« NgÃ´ Gia Tá»± Ä‘i vÃ o Ã­ (trÃªn gg map Ä‘oáº¡n Ä‘Ã³ hiá»‡n tÃªn lÃ  á»c Cáº©m) ",10,Äá»“ng giÃ¡ 50k,"BÃ² kho á»Ÿ Ä‘Ã¢y tui tháº¥y ráº¥t láº¡ so vá»›i cÃ¡c quÃ¡n khÃ¡c quanh SG, nÆ°á»›c dÃ¹ng Ä‘áº­m Ä‘áº·c chá»© khÃ´ng pháº£i dáº¡ng lá»ng nháº¡t. ",,
,Hancook Korean Fast Food,"263 Ä. Nguyá»…n Tri PhÆ°Æ¡ng, PhÆ°á»ng 8, Q10",10,,"Ä‚n Ä‘Æ°á»£c, giÃ¡ sinh viÃªn",,
,Hi Sushi,"592/1C Láº¡c Long QuÃ¢n, P5, Q11",11, >100k,"vá»›i mÃ¬nh thÃ¬ khÃ¡ ráº» so vá»›i cháº¥t lÆ°á»£ng vÃ  lÆ°á»£ng Ä‘á»“ Äƒn Ã¡, nÆ°á»›c cÅ©ng khÃ¡ ngon",,
,Sinh tá»‘ nÆ°á»›c Ã©p,Náº±m trÃªn Ä‘Æ°á»ng CÃ´ng ChÃºa Ngá»c HÃ¢n quáº­n 11. TrÃªn gg Ä‘á»‹a chá»‰ lÃ  náº±m á»Ÿ Ä‘áº§u háº»m 80 LÃ£nh Binh ThÄƒng,11,Tá»« 10k,Sá»‘c vÃ¬ láº§n Ä‘áº§u mÃ¬nh mua 2 ly sinh tá»‘ khÃ´ng nÃ³i size gÃ¬ xong cÃ¡c báº¡n láº¥y size nhá» nháº¥t cá»§a quÃ¡n (hÃ¬nh nhÆ° 500ml). Kiá»ƒu chuáº©n bá»‹ tÃ¢m lÃ½ chuyá»ƒn khoáº£n cháº¯c 40 50k mÃ  cÃ¡c báº¡n nvien nÃ³i 2 ly 20k t sá»‘c quÃ¡ trá»i sá»‘c. Sinh tá»‘ ngon nha. Tuá»³ size tuá»³ loáº¡i quáº£ cÃ³ giÃ¡ khÃ¡c nhau. MÃ¬nh chá»‰ hay uá»‘ng sinh tá»‘t dá»«a nÃªn ly 10k 1 láº§n lÃ  quÃ¡ Ä‘á»§ rá»“i,,
,TrÃ  Ä‘Ã o dáº§m Chu Trang,"22E 100 BÃ¬nh Thá»›i, PhÆ°á»ng 14, Quáº­n 11, Há»“ ChÃ­ Minh",11,>20,Chá»— nÃ y best seller trÃ  Ä‘Ã o dáº§m ğŸ¥¹  trÃ  mÃ£ng cáº§u cÅ©ng ngoan toáº¹t. NÃ³i chung lÃ  á»Ÿ Ä‘Ã¢y bÃ¡n nhiá»u loáº¡i trÃ  trÃ¡i cÃ¢y lÃºm ğŸ˜,,
,Nem chua rÃ¡n Ba BÃªu,"57 TÃ¢n Khai, PhÆ°á»ng 7, Quáº­n 11",11,> 40k,cÃ³ trÃªn máº¥y app giao hÃ ng,,
,BÃºn bÃ² cÃ¢y nho,"343G Láº¡c Long QuÃ¢n, P5, Q.11",11,40 - 60k,,,
,HÃ¡ cáº£o HÃ¹ng KÃ½,"312 Láº¡c Long QuÃ¢n, PhÆ°á»ng 5, Quáº­n 11
(phÃ­a ngoÃ i chung cÆ° 312)",11,42 - 70k,"Chá»‰ bÃ¡n buá»•i sÃ¡ng tá»›i 12h trÆ°a, ko chuyá»ƒn khoáº£n
má»™t trong hai anh chá»§ cÃ³ thÃ¡i Ä‘á»™ hÆ¡i khÃ³ chá»‹u nÃªn cÃ¢n nháº¯c nha",,
,Ä‚n váº·t Sapinkie,"103/18 ThÃ¡i PhiÃªn, PhÆ°á»ng 1, Quáº­n 11",11,50 - 100k,cÃ³ trÃªn shopeefood,,
,Sá»§i cáº£o Ngá»c Ã,"187 HÃ  TÃ´n Quyá»n, P17, Q.11",11,60 - 150k,,,
,CÆ¡m chÃ¡y chÃ  bÃ´ng ,Gáº§n ngay trÆ°á»›c Ministop PhÃº Thá» - HÃ n Háº£i NguyÃªn,11,15- 20k,"H á»Ÿ xa Ã­t ghÃ© nhÆ°ng mÃ  thÃ¨m lÃ  mua liá»n, bth bÃ¡n cho khÃ¡ch cÅ©ng nhÃ¬u Äƒn no láº¯m Ã¡. NhÃ¬n báº¯t máº¯t ná»¯a. BÃ¡n tá»« 4h chiá»u tá»›i 8h tá»‘i Ã¡.",,
,Há»“ng trÃ  DÃ¬ Anh ,"70 ÄÆ°á»ng Sá»‘ 5 - CÆ° xÃ¡ BÃ¬nh Thá»›i, PhÆ°á»ng 8, Q11",11,>15k ,,,
,mÃ¬ xÃ o phÃ¡ láº¥u a tÃ¨o,230 bÃ¬nh thá»›i q11,11,<50,,,
,QuÃ¡n bÃºn má»c CÃ´ PhÆ°Æ¡ng (Tui nhá»› z táº¡i lÃ¢u r ko Äƒn),"Quanh nhÃ  thá» PhÃº BÃ¬nh, 421 Láº¡c Long QuÃ¢n, P.5",11,40k hay sao Ã¡ ,Äá»£t Ä‘Ã³ tui Äƒn vs chá»‹. Tháº¥y Äƒn cÅ©ng okiela pháº¿t. NÃ³ nhÃ¬u topping vá»›i láº¡i nÆ°á»›c dÃ¹ng cÅ©ng khÃ¡ lÃ  ngon,,
,BÃ² nÃ© Zin Zin,"242/18 Ä. HÃ n Háº£i NguyÃªn, PhÆ°á»ng 10, Quáº­n 11",11,35 - 55k,chá»‰ bÃ¡n tá»›i 12h trÆ°a,,
,GÃ³c Ä‚n Váº·t,"GÃ“C Ä‚N Váº¶T TRÆ¯á»œNG CHINH, ÄÆ°á»ng DD4, TÃ¢n HÆ°ng Thuáº­n, Quáº­n 12, Há»“ ChÃ­ Minh",12,20ka - 169ka Ä‘á»• láº¡i ,"Best seller : Dá»ªA Dáº¦M Háº¢I PHÃ’NG , Láº©u tokboki ramen nch táº¥t cáº£ mÃ³n Äƒn váº·t Ä‘á»u giÃ¡ bÃ¬nh dÃ¢n á»•n vÃ  cÃ³ cáº£ láº©u vÃ  nÆ°á»›ng nhÃ© cáº£ nhÃ  hjhj",,
,Noodle Home,"38-40 ÄÆ°á»ng Sá»‘ 6, áº¤p 4, BÃ¬nh HÆ°ng, BÃ¬nh ChÃ¡nh",BÃ¬nh ChÃ¡nh,"30-65, láº©u 100-300","tháº¥y láº©u oke nháº¥t, ko bá»‹ quÃ¡ máº·t chua thanh ngá»t dá»‹u",,
,tiá»‡m bÃ¡nh GoGo House,"F1/57H Ä‘Æ°á»ng QuÃ¡ch ÄiÃªu,VÄ©nh Lá»™c A, Huyá»‡n BÃ¬nh ChÃ¡nh",BÃ¬nh ChÃ¡nh,50<,"bÃ¡nh siÃªu ráº» mÃ  cháº¥t lÆ°á»£ng, nhÃ¢n viÃªn vá»›i chá»§ quÃ¡n cÅ©ng dÃªz thÆ°Æ¡ng láº¯mm",,
,"QuÃ¡n bÃ¡nh tiÃªu, bÃ¡nh bao chiÃªn ","C3/21 Pháº¡m HÃ¹ng, BÃ¬nh HÆ°ng (TrÆ°á»›c nhÃ  thuá»‘c Minh Hiáº¿u 1)",BÃ¬nh ChÃ¡nh ,>200k,"CÃ³ láº§n báº¡n dáº«n Ä‘i mua, Äƒn ngon nha, báº¡n tui hay Äƒn bÃ¡nh bao chiÃªn, cÃ²n tui thÃ­ch Äƒn bÃ¡nh tiÃªu á»Ÿ Ä‘Ã¢y, ngon láº¯m nha rá»“i cÃ³ bÃ¡nh Ä‘Ã¹i gÃ  táº©m Ä‘Æ°á»ng cÅ©ng ngon láº¯m Ã¡ nha, giÃ¡ cÅ©ng khÃ¡ okie ná»¯a, nhÃ¬u loáº¡i bÃ¡nh chiÃªn Äƒn ngon nha (BÃ¡n tá»« táº§m trÆ°a Ä‘áº¿n chiá»u tá»‘i Ã¡ mng)",,
,BÃ¡nh trÃ¡ng chiÃªn,ÄÆ°á»ng TÃªn lá»­a. QuÃ¡n Ãšt Hiá»n,BÃ¬nh TÃ¢n,Nhiá»u giÃ¡,,,
,CÆ¡m gÃ  Phan Anh,"121 Phan Anh, P. BÃ¬nh Trá»‹ ÄÃ´ng , Quáº­n BÃ¬nh TÃ¢n , TP. HCM",BÃ¬nh TÃ¢n,30-35,"QuÃ¡n cÃ³ báº£ng hiá»ƒu chá»¯ vÃ ng ná»n Ä‘á» do báº£ng Ä‘á»ƒ gá»‘c hÆ¡i khuáº¥t mn Ä‘á»ƒ Ã½ nha, rcm cÆ¡m gÃ  + trá»©ng chiÃªn lÃ²ng Ä‘Ã o",,
,WE's Corner Coffee,"226 NÆ¡ Trang Long, BÃ¬nh Tháº¡nh",BÃ¬nh Tháº¡nh,< 50k,"cookie siÃªu Ä‘áº¹p custom theo yÃªu cáº§u, quÃ¡n cÃ  phÃª nhiá»u khÃ´ng gian (thÃ­ch há»£p Ä‘i nhÃ³m Ä‘Ã´ng, vÃ  cáº£ 2 mÃ¬nh, 1 mÃ¬nh)",,
,BÃ¡nh mÃ¬ cháº£o,208 Chu VÄƒn An,BÃ¬nh Tháº¡nh,<38k,must try sá»‘t bÆ¡ tá»i,,
,BÃºn riÃªu,"Káº¿ bÃªn quÃ¡n mÃ¬ Sá»§i cáº£o 315 NÆ¡ Trang long, P13, BT",BÃ¬nh Tháº¡nh,>25k,"BÃ¡n buá»•i sÃ¡ng, quÃ¡n lá» Ä‘Æ°á»ng ngay con háº»m ",,
,TrÃ  sá»¯a Má»™c,"100 ÄÆ°á»ng D5, PhÆ°á»ng 25, BÃ¬nh Tháº¡nh",BÃ¬nh Tháº¡nh,>25k,"Topping á»Ÿ Ä‘Ã¢y ráº¥t ngon, Ä‘a dáº¡ng, nÃªn thá»­ ",,
,Cháº£o BÃ¡nh MÃ¬,47/24/33 BÃ¹i ÄÃ¬nh TÃºy P24,BÃ¬nh Tháº¡nh,~38k,,,
,Sushi Ba,"3 Nguyá»…n CÃ´ng Trá»©, PhÆ°á»ng 19, BÃ¬nh Tháº¡nh, Há»“ ChÃ­ Minh",BÃ¬nh Tháº¡nh,100-200k/ng,"BÃ¡n sushi viÃªn tá»± chá»n vÃ o chiá»u tá»‘i siÃªu ngon siÃªu ráº», trÆ°a chá»‰ cÃ³ gá»i mÃ³n menu, quÃ¡n nhá»",,
,CÃ  phÃª Tá»› 1438,167 Nguyá»…n VÄƒn ThÆ°Æ¡ng BÃ¬nh Tháº¡nh,BÃ¬nh Tháº¡nh,20-40,,,
,Colli Berry,"69/38/19 Nguyá»…n Gia TrÃ­, PhÆ°á»ng 25, BÃ¬nh Tháº¡nh",BÃ¬nh Tháº¡nh,25 - 70k,cÃ³ mÃ­ mÃ³n vá» dÃ¢u dÃ¢u siÃªu tÆ°Æ¡i siÃªu ngon táº¡i chá»§ quÃ¡n ng Ä‘Ã  láº¡t nhÃ  trá»“ng dÃ¢uğŸ˜‹,,
,BÃ¡nh mÃ¬ cháº£o,"179 Phan Chu Trinh, P13, BÃ¬nh Tháº¡nh",BÃ¬nh Tháº¡nh,30-60k,,,
,XÃ´i Cáº­u Báº£o,"214/4A Váº¡n Kiáº¿p, PhÆ°á»ng 3, Quáº­n BÃ¬nh Tháº¡nh",BÃ¬nh Tháº¡nh,35-55,"Chá»‰ bÃ¡n mang Ä‘i, trÆ°a lá»«oi náº¥u ord trÃªn máº¥y app ráº» cá»±c ",,
,Checho Chicken,"69/47 Nguyá»…n Gia TrÃ­, PhÆ°á»ng 25, Quáº­n BÃ¬nh Tháº¡nh",BÃ¬nh Tháº¡nh,>18k,QuÃ¡n bÃ¡n tá»« 3h chiá»u tá»›i 2h sÃ¡ng Äƒn khuya ngon láº¯m:> 18k mua dc 1 miáº¿ng gÃ  mÃ  Äƒn no thÃ¬ 35k há»™p cÆ¡m 2 miáº¿ng vá»›i salad gáº¥t ngon,,
,Haru Cottage,"15/10 Nguyá»…n Huy TÆ°á»Ÿng, PhÆ°á»ng 7, BÃ¬nh Tháº¡nh",BÃ¬nh Tháº¡nh,40 - 150k,"chi nhÃ¡nh khÃ¡c cá»§a Haru Cafe, khÃ´ng gian thoÃ¡ng, rá»™ng hÆ¡n vá»›i cÃ³ workshop lÃ m gá»‘m",,
,Kaiqua - MÃ¬ cay khÃ´ HÃ n Quá»‘c,"60/8 Ung VÄƒn KhiÃªm, PhÆ°á»ng 25, BÃ¬nh Tháº¡nh",BÃ¬nh Tháº¡nh,60k,,"QuÃ¡n nÃ y oke máº¥y 2, siu ngon",
,"Danshaku Cafe (soda kem, máº¥y mÃ³n trÃ¡ng miá»‡ng Nháº­t, cÃ³ Ä‘á»“ máº·n)","Táº§ng 3, 40/19 Pháº¡m Viáº¿t ChÃ¡nh, phÆ°á»ng 19, quáº­n BÃ¬nh Tháº¡nh",BÃ¬nh Tháº¡nh,nhiá»u giÃ¡,"nghá»‰ thá»© 2, thá»© 3 - 6 10-22h, t7 cn 8-18h",,
,BÃ¡nh trÃ¡ng tá»i 019,"(nhiá»u chi nhÃ¡nh) 290/45/2 NÆ¡ Trang Long, P12, BÃ¬nh Tháº¡nh",BÃ¬nh Tháº¡nh,,BÃ¡nh trÃ¡ng tá»i á»›t ráº¥t ngonn,,
,gÃ  rÃ¡n oppa chicken,"15 Ung VÄƒn KhiÃªm, BÃ¬nh Tháº¡nh",BÃ¬nh Tháº¡nh,,,,
,Láº¡c - Buffet chay láº©u náº¥m,"213 Äáº·ng thÃ¹y TrÃ¢m, P13, BÃ¬nh Tháº¡nh",BÃ¬nh Tháº¡nh,,"Buffet láº©u chay, cÃ³ gá»i thÃªm topping máº·n",,
,DingDing cafe,"Háº»m 23, LÃª VÄƒn Duyá»‡t, PhÆ°á»ng 1, BÃ¬nh Tháº¡nh",BÃ¬nh Tháº¡nh,>30,"khÃ´ng gian quÃ¡n khÃ¡ nhá», cÃ³ táº§m 4-5 bÃ n thui, nhÆ°ng mÃ  khÃ¡ chill Ã¡
cÃ  phÃª á»Ÿ Ä‘Ã¢y cÃ³ khÃ¡ nhiá»u loáº¡i, má»i ng cÃ³ thá»ƒ chá»n uá»‘ng robusta hoáº·c arabica hoáº·c blend Ä‘c luÃ´n",,
,NhÃ¢m II,"195/10/2 Ä. Äiá»‡n BiÃªn Phá»§, PhÆ°á»ng 2, BÃ¬nh Tháº¡nh, Há»“ ChÃ­ Minh. Maps: https://maps.app.goo.gl/3Fyansipoe4a74489",BÃ¬nh Tháº¡nh,Tá»« 45-85k,"Thá»©c uá»‘ng tÃ¹y kháº©u vá»‹ nÃ¨, bÃ¡nh ngon, khÃ´ng gian sá»‘ng áº£o Ä‘oáº¹p. ÄÆ°á»£c mang mÃ¡y áº£nh náº¿u cÃ³. Táº§ng dÆ°á»›i mÃ¡t hÆ¡n táº§ng trÃªn, quÃ¡n dÃ¹ng Ã¡nh máº·t trá»i nhiá»u ",,
,BÃ¡nh cuá»‘n Háº¡nh PhÃºc ,"146 Nguyá»…n Gia TrÃ­, P. 25, Q. BÃ¬nh Tháº¡nh, TP. HCM - Maps: https://maps.app.goo.gl/nuywto9zYVEZJ9v28",BÃ¬nh Tháº¡nh,25-30k,"BÃ¡nh cuá»‘n trá»©ng ngon nha, nÆ°á»›c cháº¥m cÅ©ng okie ",,
,Tiá»‡m Äƒn gáº·m,8/10 Nguyá»…n Thiá»‡n Thuáº­t p14 BÃ¬nh Tháº¡nh,BÃ¬nh Tháº¡nh,,,,
,NhÃ  Táº¡o,52g VÅ© Huy Táº¥n p1,BÃ¬nh Tháº¡nh,55 - 60,Matcha cookie ngon bÃ¡ chÃ¡y ,,
,Fukatsu,"45D/5 ÄÆ°á»ng D5, PhÆ°á»ng 25, BÃ¬nh Tháº¡nh, Há»“ ChÃ­ Minh",BÃ¬nh Tháº¡nh,,,,
,BÃºn riÃªu Khoa Cua,168/38D Nguyá»…n Gia TrÃ­ p25,BÃ¬nh Tháº¡nh,32k,ngon nhÃ©. gá»i pháº§n huyáº¿t thÃªm Ä‘Æ°á»£c nhiá»u huyáº¿t láº¯m.,,
,NhÃ  táº¡o Cafe,"52g VÅ© Huy Tuáº¥n, phÆ°á»ng 1, BÃ¬nh Tháº¡nh",BÃ¬nh Tháº¡nh,35k-60k,"quÃ¡n hÆ¡i nhá», trong nhÃ  (cÃ³ mÃ¡y láº¡nh), ngoÃ i sÃ¢n cÃ³ cÃ¢y cá» nÃªn thoÃ¡ng mÃ¡t, vibe quÃ¡n kiá»ƒu vintage, dá»… chá»‹u, nhÃ¢n viÃªn quÃ¡n dá»… thÆ°Æ¡ng, nÆ°á»›c ngon, nhÆ°ng pháº£i Ä‘áº­u xe bÃªn phÃ­a chung cÆ° Ä‘á»‘i diá»‡n quÃ¡n","quÃ¡n khÃ´ng gian siÃªu cute Ã¡, ngá»“i trÃ² chuyá»‡n Ä‘á»“ cáº£m giÃ¡c chá»¯a lÃ nh láº¯m, nhÃ¢n viÃªn cÅ©ng thÃ¢n thiá»‡n dth",
,Láº©u vÃ  nÆ°á»›ng ngon sá»‘ dzÃ¡ch ,"sá»‘ 1 BÃ¹i ÄÃ¬nh TuÃ½, Quáº­n BÃ¬nh Tháº¡nh ",BÃ¬nh Tháº¡nh,,,,
,Tino - Sushi & Yaki,430/79b Ä‘iá»‡n biÃªn phá»§ p17 bÃ¬nh tháº¡nh,BÃ¬nh Tháº¡nh,40-máº¥y chem,"quÃ¡n nÃºp háº»m, giÃ¡ khom ráº» láº¯m nhÆ°ng mÃ  siÃªu ngon trá»i Æ¡i. cÃ´ chÃº dth láº¯m luÃ´n, buá»•i trÆ°a tá»« 14g-16g quÃ¡n nghá»‰ trÆ°a cÃ²n láº¡i má»Ÿ cá»­a sÃ¡ng tá»‘i nha",,
,aoyama,"1H MÃª Linh, PhÆ°á»ng 19",BÃ¬nh Tháº¡nh,>150k/mÃ³n,mÃ³n nháº­t siÃªu ngon,,
,"Há»™t zá»‹t lá»™n , cÃºt xÃ o me",160 BÃ¹i ÄÃ¬nh TuÃ½ ( Ä‘áº§u háº»m),BÃ¬nh Tháº¡nh,>9k,"muÃ´i tiÃªu á»Ÿ Ä‘Ã¢y ngon áº» cháº£i , thá» thá»­ Ä‘i ae",,
,BÃ¡nh trÃ¡ng trá»™n dÃ¬ NguyÃªn,"52 BÃ¹i ÄÃ¬nh TuÃ½, P.12, Q.BÃ¬nh Tháº¡nh",BÃ¬nh Tháº¡nh,>=20k,"rcm bÃ¡nh trÃ¡ng muá»‘i tá»i cá»§a dÃ¬ trá»™n, nÃ³ ngon mÃ  cÃ¡i nÃ¡ch giá»±t giá»±t luÃ´n Ã¡",,
,"bÃ¡nh trÃ¡ng nÆ°á»›ng, khoai chuá»‘i chiÃªn  CÃ´ HÃ  ",háº»m 354 phan vÄƒn trá»‹ phÆ°á»ng 11,BÃ¬nh Tháº¡nh,15-25,"bÃ¡n tá»« 4h Ä‘áº¿n 8,9h Äƒn lÃ  nghiá»‡n ( bÃ¡n mang vá»)",,
,Sushi zÃ¡ á»•n - Sushi TÃ­,"41 Huá»³nh Tá»‹nh Cá»§a, P.19",BÃ¬nh Tháº¡nh,,,,
,Pá» cafe (cÃ¡i bÃ¡nh khoai lang matcha ngon),"193/16 BÃ  Háº¡t, P.9",BÃ¬nh Tháº¡nh,,,,
, HÃ  Ná»™i (hanqdaa_22),Äá»‘i diá»‡n trÆ°á»ng Äáº¡i há»c Giao thÃ´ng váº­n táº£i,BÃ¬nh Tháº¡nh,55k,"Ngon bÃ¡ chÃ¡y, Äƒn bÃºn siÃªu no, má»™t pháº§n siÃªu Ä‘áº§y Ä‘á»§",,
,Chicken Man,"45 VÃµ Oanh, PhÆ°á»ng 25, BÃ¬nh Tháº¡nh, Há»“ ChÃ­ Minh",BÃ¬nh Tháº¡nh,>100k,"MÃ¬ láº¡nh siÃªu ngon, gÃ  rÃ¡n ngoÃ i giÃ²n trong má»ng nÆ°á»›c, pháº§n Äƒn khÃ¡ nhiá»u nÃªn Ä‘i 2 ngÆ°á»i trá»Ÿ lÃªn",,
,Láº©u Sa Chuá»·,11 ThÃ­ch Quáº£ng Äá»©c ,BÃ¬nh Tháº¡nh,Láº©u gá»i mÃ³n,NÃ y lÃ  quÃ¡n theo style Hong Kong nÃªn lÃ  láº©u Hoa nha. MÃ³n ráº» vÃ  cháº¥t lÆ°á»£ng phÃ¹ há»£p giÃ¡ tiá»n. Thá»‰nh thoáº£ng chá»n Ä‘á»‹a Ä‘iá»ƒm nÃ y Ä‘i Äƒn nÃ³i chuyá»‡n vá»›i báº¡n bÃ¨ cÅ©ng á»•n ,,
,Nháº¡t & sourdough ,"45/7/1 (31/8) Nguyá»…n VÄƒn Láº¡c, P.21",BÃ¬nh Tháº¡nh,,,,
,Ba hÃ­ sÃ i gÃ²n,"93 Váº¡n Kiáº¿p, P.3 BÃ¬nh Tháº¡nh",BÃ¬nh Tháº¡nh,>45k,"gá»i sá»‘t honey garlic, gá»i sá»‘t honey garlic, gá»i sá»‘t honey garlic. cÃ¡i gÃ¬ quan trá»ng nháº¯c 3 láº§n!!",,
,BÃºn riÃªu Trang Kang,"40A Nguyá»…n Gia TrÃ­, P. 25, BÃ¬nh Tháº¡nh, TP. HCM",BÃ¬nh Tháº¡nh,35k - 60k,,,
,QuÃ¡n nÆ°á»›ng Bohasa,317 Äiá»‡n BiÃªn Phá»§,BÃ¬nh Tháº¡nh ,<100k<300k,View xá»‹n ,,
,Háº»m ThÃ¡i,157/36 Nguyá»…n Gia TrÃ­,BÃ¬nh Tháº¡nh ,<69k,Ä‘áº·t bÃ n trÆ°á»›c nhe,,
,XÃ´i Ngá»c - Váº¡n Kiáº¿p,"101 Váº¡n Kiáº¿p, PhÆ°á»ng 1, BÃ¬nh Tháº¡nh, Há»“ ChÃ­ Minh",BÃ¬nh Tháº¡nh ,25-45k,No Ä‘iÃªnnnn,,
,Tiá»‡m chÃ¨ cÃ´ TÆ°,"Nguyá»…n Gia TrÃ­, BÃ¬nh Tháº¡nh ( má»Ÿ sau 8h)",BÃ¬nh Tháº¡nh ,,,,
,Kimpap joy,BÃ¬nh tháº¡nh,BÃ¬nh Tháº¡nh ,70/1ng no lun,,,
,ChÃ¨ An (chÃ¨ dá»«a non lÃ¡ náº¿p),"64/20 VÃµ Oanh, BÃ¬nh Tháº¡nh",BÃ¬nh Tháº¡nh ,,,,
,TrÃ  mÃ£ng cáº§u,cáº¡nh trÆ°á»ng IUH,GÃ² Váº¥p,< 37k,,,
,Nem nÆ°á»›ng Quáº£ng Nam Tam KÃ¬,282 Nguyá»…n ThÃ¡i SÆ¡n ,GÃ² Váº¥p,< 45k,,,
,Láº©u cÃ¡ 69k,689 Nguyá»…n Kiá»‡m,GÃ² Váº¥p,<79k ,Xá»©ng Ä‘Ã¡ng Ä‘á»“ng tiá»n,,
,ChÃ¨ nhÃ  Ä‘áº­u,"620 LÃª Äá»©c Thá», phÆ°á»ng 15, GÃ² Váº¥p",GÃ² Váº¥p,20-50k,"Äá»‘i diá»‡n trÆ°á»ng máº§m non Äá»©c Tuáº¥n, bÃ¡nh flan ngon",,
,Dimsum ThiÃªn Ã,965/54 Quang Trung p14,GÃ² Váº¥p,35 - 39,"Ä‘i máº¥y láº§n rá»“i Ã¡, ngon láº¯m Ã­. cÃ³ cáº£ menu nÆ°á»›c ná»¯a. trÃ  trÃ¡i cÃ¢y topping Ãª há»",,
,CÃºt lá»™n chiÃªn giÃ²n bÆ¡ tá»i cÃ´ PhÃºc,91 Nguyá»…n Oanh ,GÃ² Váº¥p,20-30k tÃ¹y mÃ³n,"(Äƒn cuá»‘n láº¯m, thá»­ Ä‘i má»i ngÆ°á»i, 1 pháº§n cÅ©ng gáº»), chá»— nÃ y cÅ©ng 2 -3 quÃ¡n, cÃ³ thá»ƒ thá»­ xem á»Ÿ Ä‘Ã¢u há»£p hÆ¡n",,
,LÆ°Æ¡n Ta - Chuáº©n Vá»‹ Xá»© Nghá»‡ - Pháº¡m Huy ThÃ´ng,"44 Pháº¡m Huy ThÃ´ng, P. 7, GÃ² Váº¥p, TP. HCM.",GÃ² Váº¥p,>45k,"Miáº¿n lÆ°Æ¡n siu ngonnn ,chá»§ dá»… thÆ°Æ¡ng lÃºm mn",,
,BÃ¡nh Æ°á»›t chá»“ng dÄ©a CÃ´ Ãšt,710/2 Phan VÄƒn Trá»‹,GÃ² Váº¥p,>100k,,,
,"BÃ¡nh cuá»‘n,  Báº¯c ",khÃ´ng cÃ³ Ä‘á»‹a chá»‰ map ghim map nhÃ¡ : https://goo.gl/maps/9fYcQHNnvVmZifAQ6,GÃ² váº¥p ,>25k,chá»— nÃ y bÃ¡n pháº£i 24 nÄƒm rá»“i Ã­ tá»« há»“i bÃ© á»Ÿ gÃ² váº¥p mÃ¬nh Äƒn á»Ÿ Ä‘Ã¢y tá»›i giá» bÃ¡nh má»m mÃ  ngon láº¯m thÆ°á»ng nhÃ  mÃ¬nh mua theo kÃ­ vá» Äƒn vá»›i cháº£ 50k 1kg bÃ¡nh cuá»‘n bÃ¡n tá»« 6h -10h sÃ¡ng cÅ©ng bÃ¡n theo pháº§n 25-30 tÃ¹y ngÆ°á»i Äƒn thÃ´i.,,
,Báº¿p chay ChÃº MÆ°á»i ,"399 Nguyá»…n VÄƒn Khá»‘i, P.8",GÃ² Váº¥p ,Tá»« 45k/ mÃ³n,"Bá»n tui hay há»p nhÃ³m táº¡i quÃ¡n nÃ y, quÃ¡n nÃ y Ä‘á»“ Äƒn ngon, Ä‘á»•i giÃ³ cho máº¥y báº¡n thÃ¨m chay, bÃªn nÃ y nhÃ¢n viÃªn nhiá»‡t tÃ¬nh há»— trá»£
Tá»¥i tui Äƒn láº§n nÃ o cÅ©ng chá»n quÃ¡n nÃ y. ",,
,TrÃ  sá»¯a Pingu,TrÆ°á»›c trÆ°á»ng THPT Long Thá»›i,NhÃ  BÃ¨,>15,Rcm chÃ¨ khÃºc báº¡ch háº¿t,,
,Gu Dimsum,"202 Ä. Phan ÄÄƒng LÆ°u, PhÆ°á»ng 4, PhÃº Nhuáº­n",PhÃº Nhuáº­n,100 - 200k,Ä‘i tá»‘i nhiá»u mÃ³n hÆ¡n,MÃ¬nh nhá»› menu cÃ³ máº¥y mÃ³n sau 16h báº¿p khÃ´ng phá»¥c vá»¥,
,Oasis Cafe ,176/1b LÃª VÄƒn Sá»¹,PhÃº Nhuáº­n,< 50k ,"QuÃ¡n view siÃªu Ä‘áº¹p, cÃ³ nhiá»u khÃ¡ch nÆ°á»›c ngoÃ i",,
,Home Ramen,"3 Hoa CÃºc, PhÆ°á»ng 7, PhÃº Nhuáº­n",PhÃº Nhuáº­n,100 - 200k,,,
,ThÃ nh coffee,"1 NhiÃªu Tá»©, PhÃº Nhuáº­n",PhÃº Nhuáº­n,30-70,"Cafe yÃªn tÄ©nh nhennnnn, rcm trÃ  váº£i khÃºc báº¡ch",,
,BÃ² NÃ© Trá»‹nh,"64 Tráº§n Huy Liá»‡u, PhÆ°á»ng 12, PhÃº Nhuáº­n, Há»“ ChÃ­ Minh",PhÃº Nhuáº­n,55 - 139,MÃ¬ Ã chá»— nÃ y siu ngonnn,,
,Fuji Kitchen,,PhÃº Nhuáº­n,60 - 150k,"QUÃN NGHá»ˆ THá»¨ 2. NÃªn Ä‘áº¿n sá»›m, Ä‘á»£i bÃ n hÆ¡i lÃ¢u + ra mÃ³n cÅ©ng lÃ¢u ğŸ¥¹ğŸ¥¹",,
,CÆ¡m táº¥m háº»m 33," 33/16 Nguyá»…n ÄÃ¬nh ChÃ­nh, PhÆ°á»ng 15, PhÃº Nhuáº­n, Há»“ ChÃ­ Minh",PhÃº Nhuáº­n,,,,
,CÆ¡m gÃ  Há»“ng PhÃ¡t,"87 - 89 HoÃ ng VÄƒn Thá»¥, PhÆ°á»ng 8 Quáº­n PhÃº Nhuáº­n",PhÃº Nhuáº­n,>50k,"CÆ¡m gÃ  luá»™c, cÃ³ nÆ°á»›c má»¡ gÃ , canh cáº£i ngá»t siÃªu ngon nha, quÃ¡n bÃ¡n há»“i lÃºc mÃ¬nh má»›i Ä‘áº» tá»›i h cháº¯c cÅ©ng máº¥y chá»¥c nÄƒm, cÆ¡m gÃ  Ä‘Ã¹i thÃ¬ máº¯c hÆ¡n, Äƒn kÃ¨m háº¯c xÃ¬ dáº§u lÃ  tuyá»‡t vá»i. cÃ³ xÃ¡ xÃ­u cÅ©ng ngon ná»¯a. Náº¥u kiá»ƒu ngÆ°á»i hoa nha mÃ¬nh dáº«n báº¡n gÃ¡i láº¡i Äƒn thÃ¬ báº¡n Äƒn ko quen nhÆ°ng mÃ¬nh Äƒn quen tháº¥y ngon vl, gÃ  Ä‘Ã¹i má»m da giÃ²n vÃ ng Æ°Æ¡m",,
,Heaba Tea,"525/53 Huá»³nh VÄƒn BÃ¡nh, phÆ°á»ng 13, quáº­n PhÃº Nhuáº­n",PhÃº Nhuáº­n,,,,
,"Tiá»‡m cá»§a Na nÃ¨ ( cafe, trÃ  ) - take away","534 TrÆ°á»ng Sa, phÆ°á»ng 2, quáº­n PhÃº Nhuáº­n",PhÃº Nhuáº­n,12k - 50k,"QuÃ¡n cafe, trÃ  take away menu Ä‘a dáº¡ng",,
,The ox shack,"10i (i ngáº¯n, Tráº§n Há»¯u Trang, PhÆ°á»ng 11, PhÃº Nhuáº­n, Há»“ ChÃ­ Minh",PhÃº Nhuáº­n,,,,
,HAMBURGER ÃšT HIáº¾U,137/32 LÃª VÄƒn Sá»¹ ( tiá»‡m cÃ´ U60 tuá»•i bÃ¡n áº¡ ),PhÃº Nhuáº­n,25k-40k táº·ng kÃ¨m nÆ°á»›c,"CÃ´ lÃ m nhÃ¢n hamburger Ãº ná»¥ cháº¥t lÆ°á»£ng láº¯m luÃ´n, mÃ¬nh mÃª nháº¥t hamburger gÃ  phÃ´ mai trá»©ng vá»›i khoai tÃ¢y sá»‘t kem hÃ nh áº¡aaa.",,
,Tiá»‡m BÃ¡nh Tiramisu & Brownie Online,"TÃªn tiá»‡m :"" Anno bake "" á»Ÿ Instagram, tiktok",PhÃº Nhuáº­n,45-85k/há»™p 2 ngÆ°á»i Äƒn,Tiá»‡m cá»§a báº¡n chá»§ nhá» sinh viÃªn. Ngon nháº¥t lÃ  tiramisu matcha vÃ  brownie háº¡t Ã¡.,,
,QuÃ¡n Vy (CÆ¡m táº¥m - BÃºn thá»‹t nÆ°á»›ng),"D0.03 Chung cÆ° EhomeS PhÃº Há»¯u, phÆ°á»ng PhÃº Há»¯u, TP.Thá»§ Äá»©c (Q9), TP.HCM",PhÃº Nhuáº­n,,,,
,BÃºn máº¯m & Láº©u máº¯m Vy,"10H Tráº§n Há»¯u Trang, PhÆ°á»ng 11, PhÃº Nhuáº­n",PhÃº Nhuáº­n,,,,
,BÃºn cháº£ Phá»‘ Cá»•,"225 Phan XÃ­ch Long, PhÆ°á»ng 2, PhÃº Nhuáº­n, Há»“ ChÃ­ Minh, Vietnam",PhÃº Nhuáº­n,~50k,,,
,Mono Square Caffe,"79/5 Phan ÄÄƒng LÆ°u, Quáº­n PhÃº Nhuáº­n",PhÃº Nhuáº­n,>35k,"Chá»— nÃ¬ cÃ³ bÃ¡nh Croffle siÃªu ngon, cÃ³ Coconut ball Äƒn cÅ©ng Ä‘c (mÃ  hÆ¡i ngá»t Ä‘á»‘i vá»›i tui Ã¡). NÆ°á»›c thÃ¬ rcm uá»‘ng Cafe muá»‘i nha ngon cá»±c, quÃ¡n váº¯ng há»£p cho ai muá»‘n cháº¡y deadline. TrÃªn láº§u cÃ³ studio cho máº¥y bÃ  Ä‘am mÃª chá»¥p áº£nh, bÃªn quÃ¡n set up rá»“i vÃ´ lÃ  chá»¥p Ã  nhma tui Ä‘i chá»§ yáº¿u cháº¡y deadline nÃªn Ã­t lÃªn. PhÃ²ng mÃ¡y láº¡nh dÃ¹ 1ng ngá»“i mÃ  váº«n má»Ÿ cho khÃ¡ch lun. Vibe HÃ n Quá»‘c, kiá»ƒu nhÆ° máº¥y film mÃ  dÆ°á»›i lÃ  cf trÃªn lÃ  cty Ã¡ nÃªn lÃ  buá»•i trÆ°a 12h tui tháº¥y nhvien xuá»‘ng Ä‘Ã´ng nÃªn máº¥y bÃ  Ä‘i máº¥y giá» khÃ¡c cÅ©ng Ä‘c dÃ¹ nhvien xuá»‘ng cÃ³ 30p j Ã . Háº§m gá»­i xe to Ä‘Ã¹ng dá»… láº¥y nha",,
,TrÃ  sá»¯a Vá»£ náº¥u,984 TrÆ°á»ng sa,PhÃº Nhuáº­n ,20<35k,,,
,BÃ¡nh mÃ¬ tiá»‡m nhÃ  lÃºa,465 LÃª VÄƒn Sá»¹ P.2 Q.TÃ¢n BÃ¬nh,TÃ¢n BÃ¬nh,~50k,"Nhiá»u ngang ngá»­a bÃ¡nh mÃ¬ Huá»³nh Hoa, ai Äƒn Ã­t thÃ¬ gá»i 1 á»• Äƒn 2 ngÆ°á»i Ä‘c lun",,
,Kimbap HoÃ ng Tá»­,"BÃ¹i Thá»‹ XuÃ¢n, TÃ¢n BÃ¬nh",TÃ¢n BÃ¬nh,100k/ng,"GÃ  Ä‘Ãºt lÃ² phÃ´ mai, cÆ¡m trá»™n trá»©ng muá»‘i siu ngon",,
,BeMii cake,"155 TÃ¢n SÆ¡n, PhÆ°á»ng 15, TÃ¢n BÃ¬nh",TÃ¢n BÃ¬nh,35-400,"BÃ¡nh kem siÃªu ngon, nhÆ°ng mÃ  sáº¯p Ä‘Ã³ng cá»­a ğŸ¥² Ä‘áº·t trÆ°á»›c hoáº·c ghÃ© mua bÃ¡nh láº»",,
,"BÃ¡nh ngá»t, bÃ´ng lan trá»©ng muá»‘i - Bá»‘i Bakery","1 BÃ¬nh GiÃ£, P.13, Q. TÃ¢n BÃ¬nh",TÃ¢n BÃ¬nh,40 - 100k,"cÃ³ trÃªn máº¥y app shopeefood, grab",,
,BÃºn cÃ¡ DuyÃªn,"1A ThÃ©p Má»›i, P12, TÃ¢n BÃ¬nh",TÃ¢n BÃ¬nh,40-50k,"BÃºn cÃ¡ ThÃ¡i BÃ¬nh, cÃ³ cáº£ canh cÃ¡, bÃ¡nh Ä‘a Ä‘á». NÆ°á»›c dÃ¹ng siÃªu ngon, ngá»t cÃ¡, quÃ¡n bÃ¡n tá»« sÃ¡ng tá»›i gáº§n chiá»u tá»‘i lun",,
,ChÃ¨ LÃ¢m Tháº¡nh,63D Pháº¡m VÄƒn Hai,TÃ¢n BÃ¬nh ,< 40k,,,
,Kimbap Ã´ng ChÆ¡ng (delivery),"691 CÃ¡ch Máº¡ng ThÃ¡ng 8, PhÆ°á»ng 6, TÃ¢n BÃ¬nh",TÃ¢n BÃ¬nh,>100k,"NÃªn order trÃªn app, mÃ¬ láº¡nh vá»›i thá»‹t chiÃªn xá»‘t chua ngá»t ngon",,
,XÃ´i xÃ©o HÃ  Ná»™i ,7 ÄÆ°á»ng NgÃ´ Thá»‹ Thu Minh (gáº§n Chá»£ Pháº¡m VÄƒn Hai),TÃ¢n BÃ¬nh ,Tá»« 20k ,"Ai thÃ¨m xÃ´i xÃ©o thÃ¬ qua Ä‘Ã¢y nha. BÃ¡n cÃ³ sÃ¡ng sá»›m Ã , mÃ¬nh Äƒn tháº¥y nÃ³ ngon Ã¡ ba. ChÃ  bÃ´ng Äƒn nÃ³ ngon, nÃ³ bÃ´ng. GÃ³i trong lÃ¡ sen
TrÃ²i quÆ¡i nÃ³ thÆ¡m mÃ¡ Æ°i. Äem vá» xa Äƒn váº«n nÃ³ng váº«n ngon nha. CÃ³ xÃ´i cá»‘m nx nhma mÃ¬nh thÃ­ch Äƒn xÃ´i xÃ©o hÆ¡n ",,
,Phá»Ÿ XuÃ¢n ,"1 LÃª Lai, TÃ¢n BÃ¬nh HCM",TÃ¢n BÃ¬nh,>55k,,,
,MÃ¬ Quáº£ng NghiÃªm,"276 VÃµ ThÃ nh Trang, TÃ¢n BÃ¬nh ",TÃ¢n BÃ¬nh ,35k-45k ,"QuÃ¡n bÃ¡n máº¥y chá»¥c nÄƒm rá»“i,chuáº©n vá»‹ miá»n trung,quÃ¡n áº¥m cÃºng,ngon láº¯m mng nÃªn ghÃ© Äƒn thá»­","QuÃ¡n ngon,Äƒn Ä‘áº­m Ä‘Ã ,giÃ¡ hssv,quÃ¡n lÃ¢u Ä‘á»i nÃªn nhÃ¬n sáº½ hÆ¡i cÅ© nhÆ°ng ngon xuáº¥t sáº¯c nha",
,QuÃ¡n bÃºn riÃªu cua ,"TrÆ°á»›c trÆ°á»ng Tiá»ƒu há»c Há»“ VÄƒn CÆ°á»ng, Ä‘Æ°á»ng Trá»‹nh ÄÃ¬nh Trá»ng ",TÃ¢n PhÃº ,Tá»« 30k,"LÃ¢u láº¯m rá»“i ko Äƒn nÃªn k biáº¿t cÃ²n bÃ¡n ko, bÃ¡n tá»« 10h30- 2h chiá»u lÃ  háº¿t Ã²i, há»“i Ä‘Ã³ bÃ¡n nhiá»u nhma ngon láº¯m nha. Tá»« khi Äƒn bÃºn 
riÃªu quÃ¡n Ä‘Ã³ lÃ  tui thÃ­ch Äƒn bÃºn riÃªu SG lun Ã¡ ",,
,QuÃ¡n chay PhÆ°á»›c Thiá»‡n ,"281 KÃªnh TÃ¢n HÃ³a, P. PhÃº Trung (Ngay ngÃ£ tÆ° Trá»‹nh ÄÃ¬nh Trá»ng- KÃªnh TÃ¢n HÃ³a), Ä‘i tá»« hÆ°á»›ng KÃªnh TÃ¢n HÃ³a
thÃ¬ ngÃ£ tÆ° nhÃ¬n bÃªn pháº£i cÃ²n Trá»‹nh ÄÃ¬nh Trá»ng thÃ¬ nhÃ¬n xÃ©o bÃªn pháº£i luÃ´n.",TÃ¢n PhÃº ,20K (LÃ¢u r k Äƒn láº¡i),"QuÃ¡n nhÃ¬n nhá» nhÆ°ng mÃ  khÃ¡ch Ä‘Ã´ng láº¯m, mÃ  tui Äƒn tháº¥y ngon nha. CÆ¡m máº¥y cÃ¡i thá»©c Äƒn Ä‘áº­m Ä‘Ã  Ä‘Ãºng gu tui, bÃºn chay cÅ©ng v. Má»—i ng 1 vá»‹ nhma vá»›i tui lÃ  ngon, tui 
dáº«n báº¡n Äƒn báº¡n cÅ©ng kÃªu ngon. ",,
,Lagom Coffee & Patisserie Lab,318/1 Trá»‹nh ÄÃ¬nh Trá»ng,TÃ¢n PhÃº,20 - 100k,,,
,á»c nhá»› sÃ i gÃ²n,"136 trá»‹nh Ä‘Ã¬nh trá»ng, PhÃº trung, quáº­n tÃ¢n phÃº ",TÃ¢n PhÃº,30-70,"á»c á»Ÿ Ä‘Ã¢y siu ngon lun. Tá»›i Ä‘Ã¢y lÃ  pháº£i Äƒn á»‘c hÆ°Æ¡ng trá»©ng muá»‘i vá»›i sá»¥n gÃ  liá»n. MÃ  cÃ²n ráº» ná»¯a, quÃ¡n Ä‘Ã´ng mÃ  tui tháº¥y lÃ m nhanh láº¯m. MÃ  nÆ°á»›c cháº¥m á»Ÿ Ä‘Ã¢y lÃ  nÆ°á»›c máº¯m táº¯c káº¹o káº¹o Ã¡. Hong cÃ³ nÆ°á»›c máº¯m ngon lá»ng lá»ng. Tui mÃª láº¯mmmm",,
,QuÃ¡n cá»§a LÃ¢m,"KhuÃ´ng Viá»‡t, quáº­n TÃ¢n PhÃº",TÃ¢n PhÃº,30k-70k,"CÆ¡m trá»™n ngon láº¯m, cÃ³ nhiá»u mÃ³n, Æ°u Ä‘Ã£i má»—i ngÃ y, tuá»³ ngÃ y má»—i Æ°u Ä‘Ã£i khÃ¡c nhau, nhÆ° chá»§ nháº­t lÃ  cÆ¡m trá»™n 39k",,
,Thuáº­n TÆ°á»ng QuÃ¡n,https://maps.app.goo.gl/wUq5DuJsdk41j94W9?g_st=com.google.maps.preview.copy,TÃ¢n PhÃº,40k-60k,"Láº¡i Ä‘Ã¢y nhá»› Äƒn cÆ¡m sÆ°á»n xÃ¹ mexico nha siu ngon, Ä‘á»£i hÆ¡n lÃ¢u nhÆ°ng Ä‘Ã¡ng nha ngon hÆ¡n bÃªn máº¥y quÃ¡n q5",,
MÃ³n Nháº­t,Sumo Sushi,"15 Ä. GÃ² Dáº§u, TÃ¢n SÆ¡n NhÃ¬, TÃ¢n PhÃº, Há»“ ChÃ­ Minh",TÃ¢n PhÃº,100-200k/ngÆ°á»i,"Signature lÃ  salad/rong nho cÃ³ sá»‘t cháº¥m riÃªng cá»§a quÃ¡n Äƒn dÃ­nh hÆ¡n ke. CÃ¡c mÃ³n cháº¿ biáº¿n nhÆ° roll, Ä‘á»“ nÆ°á»›ng, canh cá»© pháº£ gá»i lÃ  dÃ­nh má»“m. GiÃ¡ ráº» so vá»›i cÃ¡c quÃ¡n sushi khÃ¡c, cÃ³ mÃ¡y láº¡nh nhÃ©",,
,MÃŒ QUáº¢NG Äáº I Lá»˜C,"44 VÆ°á»n LÃ i,phÆ°á»ng TÃ¢n ThÃ nh,TÃ¢n PhÃº",TÃ¢n PhÃº,35k-45k,"QuÃ¡n cÃ³ 1 chi nhÃ¡nh,Äƒn ngon xá»‰u chuáº©n vá»‹ miá»n Trung,siÃªu rcm cho báº¡n nÃ o ghiá»n Ä‘á»“ Äƒn miá»n Trung giá»‘ng mÃ¬nh","Ãª ngon láº¯m,há»£p giÃ¡ tiá»n ná»¯a,rcm mÃ¬ gÃ ,mÃ¬ cÃ¡ lÃ³c mÃ  mÃ¬nh siÃªu tÃ¢m Ä‘áº¯c ",
,á»c Vinh -30k,168 LÃª LÆ°,TÃ¢n PhÃº, 30k,"SÃ² á»‘c khÃ¡ tÆ°Æ¡i, nÃªn Äƒn sÃ² huyáº¿t, á»‘c len xÃ o dá»«a, mÃ¬ xÃ o á»‘c mÃ³ng tay ",,
,CÆ¡m Táº¥m ThÃ nh CÃ´ng,"64 thÃ nh cÃ´ng p.tÃ¢n thÃ nh quáº­n TÃ¢n PhÃº
 ",TÃ¢n PhÃº,40K,"QuÃ¡n siÃªu ngon , cÃ³ mÃ³n kim chi quÃ¡n lÃ m ngon láº¯m , nhanh nháº¹n ná»¯a ",,
MÃ³n Viá»‡t,Nem nÆ°á»›ng ,"5-7, Ä. Sá»‘ 38, Tháº£o Äiá»n, Thá»§ Äá»©c, Há»“ ChÃ­ Minh",Thá»§ Äá»©c,>70,,,
MÃ³n Nháº­t,Sushi Thá»§ Äá»©c OSAKA,"58 PhÃº ChÃ¢u, phÆ°á»ng Tam PhÃº, Thá»§ Äá»©c",Thá»§ Äá»©c,~30k,"quÃ¡n sushi Ä‘áº§u tiÃªn á»Ÿ TÄ, ngon, giÃ¡ siu hssv, Ä‘iá»ƒm trá»« duy nháº¥t lÃ  nhá» vÃ  Ä‘Ã´ng, cÃ²n láº¡i nv, cháº¥t lÆ°á»£ng kphai bÃ n","quÃ¡n ruá»™t tui, cháº¥t lÆ°á»£ng xá»‰u, nhÃ¢n viÃªn dth ná»¯a, láº§n nÃ o qua cÅ©ng Ä‘Ã´ng há»›t trÆ¡n",
NÆ°á»›c,QuÃ¡n trÃ  sá»¯a BÃ¡ch Vá»‹ TrÃ ,"42A, Ä‘Æ°á»ng sá»‘ 3, phÆ°á»ng An KhÃ¡nh, Quáº­n 2, Tp.HCM",Thá»§ Äá»©c,25-50,"TrÃ  á»•i há»•ng, matcha latte, trÃ  sá»¯a gáº¡o rang ngon nha. TrÃ  Ä‘áº­m vá»‹. GiÃ¡ á»•n",,
Cafe,Myracle CafÃ©,"36 Ä. Sá»‘ 10, Tháº£o Äiá»n, Quáº­n 2",Thá»§ Äá»©c,50 - 60k,"QuÃ¡n nhá», áº¥m cÃºng",,
MÃ³n Viá»‡t,BÃ¡nh cuá»‘n TÃ¢y SÆ¡n - QuÃ¡n QuÆ¡,"42 Ä. Sá»‘ 16, Linh Chiá»ƒu, Thá»§ Äá»©c",Thá»§ Äá»©c,50k,"Máº¹t 2 ngÆ°á»i 100k Äƒn bao no, Ä‘Æ°á»£c refill free cháº£ ram, nÆ°á»›c cháº¥m, bÃ¡nh trÃ¡ng.. nhÃ¢n viÃªn dá»… thÆ°Æ¡ng ",,
Cafe,Hue Cafe Roastery,"67B XuÃ¢n Thá»§y, Tháº£o Äiá»n, Quáº­n 2",Thá»§ Äá»©c,50k,Chuáº©n vá»‹ cafe muá»‘i Huáº¿,,
MÃ³n Viá»‡t,bÃºn bÃ² giÃ¡o toÃ n,"218 Quá»‘c lá»™ 1K, Linh XuÃ¢n, Thá»§ Äá»©c, Há»“ ChÃ­ Minh",Thá»§ Äá»©c,>60k,"cá»±c kÃ¬ ngon cho ai Äƒn Ä‘Æ°á»£c máº¯m nÃªm, quÃ¡n chill mÃ¡t, phÃ¹ há»£p Ä‘i vá»›i gia Ä‘Ã¬nh hoáº·c nhÃ³m báº¡n muá»‘n thá»­ khÃ´ng khÃ­ miá»n quÃª",,
MÃ³n Viá»‡t,Há»§ tiáº¿u cÃ´ Ba,"37 Äáº·ng Thá»‹ RÃ nh, Linh TÃ¢y",Thá»§ Äá»©c,45-60 ,rcm mng há»§ tiáº¿u khÃ´ xÃ­ quÃ¡ch ngon nhá»©t nÃ¡ch ğŸ˜­,,
MÃ³n Viá»‡t,QuÃ¡n cÆ¡m ViÃªn,"Giá»¯a Ä‘Æ°á»ng TÃ´ VÄ©nh Diá»‡n, Thá»§ Äá»©c",Thá»§ Äá»©c,<100,Bá»¯a tui Äƒn 2 ngÆ°á»i no nÃ³c mÃ  tá»•ng bill cÃ³ 111k thui. Siu ngonnnnn,,
MÃ³n Viá»‡t,BÃºn bÃ² Nam Nga,"116 Äáº·ng VÄƒn Bi, P BÃ¬nh Thá», Thá»§ Äá»©c",Thá»§ Äá»©c,>40k,"Tiá»‡m bÃ©, khÃ´ng cÃ³ mÃ¡y láº¡nh. Rcm Äƒn thá»­ sÆ°á»n bÃ². SÆ°á»n bÃ² to láº¯m mÃ  tÃ´ cÃ³ 60k Ã  ğŸ¤¡",,
MÃ³n Viá»‡t,BÃºn cÃ¡ xe Ä‘áº©y,"4 Quá»‘c HÆ°Æ¡ng, Tháº£o Äiá»n",Thá»§ Äá»©c,>35k,"GÃ³c NgÃ£ ba Quá»‘c HÆ°Æ¡ng vá»›i Ä‘Æ°á»ng sá»‘ 41, cÃ³ bÃºn vÃ  bÃ¡nh Ä‘a, cÃ¡ lÃ  cÃ¡ chiÃªn, trá»©ng cÃ¡, kiá»ƒu Báº¯c mÃ  Äƒn ngon nha","NGON Cá»°C Ká»², NGON KINH KHá»¦NG!!!",
MÃ³n Viá»‡t,BÃºn RiÃªu Canh BÃºn CÃ´ An,"31B ÄÆ°á»ng LÃª VÄƒn Thá»‹nh, P.BÃ¬nh TrÆ°ng ÄÃ´ng, Thá»§ Äá»©c",Thá»§ Äá»©c,35k-50k,"NGON Láº®M, á»‘c tÆ°Æ¡i nhai giÃ²n sáº§n sáº­t, nÆ°á»›c lÃ¨o ninh xÆ°Æ¡ng ngá»t thanh, riÃªu nhÃ  lÃ m siÃªu cháº¥t lÆ°á»£ng. MUST TRY!",,
Ä‚n váº·t,BÃ¡nh trÃ¡ng nÆ°á»›ng Lucky ,"ÄÆ°á»ng Tráº§n Thá»‹ Äiá»‡u, P. PhÆ°á»›c Long B (Gáº§n Cao Ä‘áº³ng CÃ´ng thÆ°Æ¡ng TPHCM)",Thá»§ Äá»©c ,Nhiá»u giÃ¡,"Hehe táº¡i k cÃ³ dá»‹p qua Thá»§ Äá»©c chá»© mÃ  qua lÃ  pháº£i qua bÃªn nÃ y Äƒn, quÃ¡n nÃ y bÃ¡n tá»« tá»‘i hay sao Ã¡. 
Qua Ä‘Ã¢y lÃ  pháº£i Äƒn 4-5 cÃ¡i cho Ä‘Ã£ nÆ°, sá»‘t cháº¥m bÃ¡nh trÃ¡ng Ä‘a dáº¡ng tá»«: Máº¯m ruá»‘c, máº¯m me, thÃªm tÃ­ tÆ°Æ¡ng á»›t vs sa táº¿
lÃ  háº¿t sáº£y con bÃ  báº£y. Tui dáº«n Ä‘Ã¡m báº¡n tui Ä‘i lÃ  ai cÅ©ng xin Ä‘á»‹a chá»‰ qua Äƒn Ã¡. ÄÆ¡n giáº£n mÃ  cuá»‘n láº¯m Ã¡",,
MÃ³n Viá»‡t,"Nui chiÃªn, Bá»™t chiÃªn","43 TÃ¢n Láº­p, ÄÃ´ng HoÃ ",Thá»§ Äá»©c,,,,
MÃ³n Viá»‡t,BÃºn riÃªu cua,"Äáº§u Ä‘Æ°á»ng Chu Máº¡nh Trinh, PhÆ°á»ng BÃ¬nh Thá», Thá»§ Äá»©c, khÃºc ÄoÃ n Káº¿t ráº½ vÃ´",Thá»§ Äá»©c,30~45k,"nhiá»u vl lun Ã¡, couple nÃ o Ä‘i Äƒn thÃ¬ cÃ³ kháº£ nÄƒng Ä‘á»‘i phÆ°Æ¡ng pháº£i há»‘t lá»¥i ğŸ¤£, nma ngon nha, mÃ¬nh Äƒn tháº¥y vá»«a, bá»“ mÃ¬nh Äƒn tháº¥y hÆ¡i nháº¡t (á»•ng Äƒn máº·n)",,
MÃ³n Viá»‡t,"180 Ä. HoÃ ng Diá»‡u 2, PhÆ°á»ng Linh Trung, Thá»§ Äá»©c",,Thá»§ Äá»©c,40k-60k,"SÃ¡ng bÃ¡n há»§ tiáº¿u Nam Vang, chiá»u bÃ¡n bÃ¡nh canh cua, nÃ o cÅ©ng ngonnn",,
MÃ³n Viá»‡t,BÃºn Ä‘áº­u máº¯m tÃ´m Tiáº¿n Háº£i,"Nhiá»u chi nhÃ¡nh, search GG",Nhiá»u CN,>40k,KhÃ´ng Äƒn Ä‘Æ°á»£c dÃ²i heo cÃ³ thá»ƒ Äƒn bÃªn nÃ y,,
MÃ³n Viá»‡t,BÃ¡nh mÃ¬ chim cháº¡y,"Nhiá»u chi nhÃ¡nh, search GG",Nhiá»u CN,~50k,,,
NÆ°á»›c,Bros Milktea,"Nhiá»u chi nhÃ¡nh, search GG",Nhiá»u CN,40 - 60k,Chi nhÃ¡nh quáº­n TÃ¢n BÃ¬nh rá»™ng vÃ  nhiá»u chá»— ngá»“i hÆ¡n,,
MÃ³n HÃ n,Hanuri - mÃ³n HÃ n,"Nhiá»u chi nhÃ¡nh, search GG",Nhiá»u CN,50-250k,"MÃ³n nÃ o cÅ©ng ngon, Ä‘i Ä‘Ã´ng cho Äƒn Ä‘Æ°á»£c nhiá»u mÃ³n, phÃ¹ há»£p hssv",,
,cheese pasta ,"Nhiá»u chi nhÃ¡nh, search GG",Nhiá»u CN,70-150,must try mÃ¬ Ã½ tomyum siÃªu ngon,,
,Newdays,"Nhiá»u chi nhÃ¡nh, search GG",Nhiá»u CN,Nhiá»u giÃ¡,"Matcha ngon láº¯m láº¯m láº¯m, pháº£i thá»­",- NÃªn dáº·n vá»«a ngá»t náº¿u báº¡n khÃ´ng muá»‘n vá»‹ ngá»t Ã¡t vá»‹ matcha nhaaa,
,Vee Ayy Food,"Nhiá»u chi nhÃ¡nh, search GG",Nhiá»u CN,,,,
Cafe,Early Morning,"Nhiá»u chi nhÃ¡nh, search GG",Nhiá»u CN,,"QuÃ¡n anh Äáº¡t , ngá»“i nhiá»u gáº·p KOL nháº¥t lÃ  Hoa PhÆ°á»£ng",,
MÃ³n Viá»‡t,BÃ¡nh trÃ¡ng HoÃ ng Ty,"Nhiá»u chi nhÃ¡nh, search GG",Nhiá»u CN,,,,
MÃ³n Chay,MÃ¬ ramen chay Hiraki Vegetarian ,"Nhiá»u chi nhÃ¡nh, search GG",Nhiá»u CN,40-60,á»Ÿ chi nhÃ¡nh Q10 buá»•i tá»‘i siu Ä‘Ã´ng Ã­ ğŸŒš,,
MÃ³n Viá»‡t,Nem nÆ°á»›ng cÃ´ Ä‘iá»‡p,"Nhiá»u chi nhÃ¡nh, search GG",Nhiá»u CN,>70,,,
MÃ³n Viá»‡t,BÃºn riÃªu má»c giÃ²n cÃ´ HÆ°Æ¡ng BÃ©o ,"Nhiá»u chi nhÃ¡nh, search GG",Nhiá»u CN,43-65,"BÃºn riÃªu kiá»ƒu báº¯c, máº¥y cÃ¡i mÃ³n Äƒn nhÃ¢m nhi nhÆ° nem chua rÃ¡n, á»‘c nhá»“i cÅ©ng ngonnn",,
MÃ³n Viá»‡t,Phá»Ÿ Trang,"Nhiá»u chi nhÃ¡nh, search GG",Nhiá»u CN,,"Ngon, mÃ  hÆ¡i Ã­t ",,
NÆ°á»›c,Kong's Tea - TrÃ  sá»¯a Kong,"Nhiá»u chi nhÃ¡nh, search GG",Nhiá»u CN,>10,"Rcm trs truyá»n thá»‘ng, machiato, bá»‹ cÃ¡i hay háº¿t Ä‘Ã¡ xay, trÃ¢n chÃ¢u Ä‘en",,
MÃ³n Viá»‡t,Nem nÆ°á»›ng Ãšt HÆ°Æ¡ng,"Nhiá»u chi nhÃ¡nh, search GG",Nhiá»u CN,,,,
,Vua MÃ¬ (MÃ¬ bÃ² ÄÃ i Loan),"Nhiá»u chi nhÃ¡nh, search GG",Nhiá»u CN,~55k,ngon quÃ£i Ä‘áº¡n,,
MÃ³n Viá»‡t,Háº»m Ä‘áº­u,"Nhiá»u chi nhÃ¡nh, search GG",Nhiá»u CN,60 - 100,"Ä‘á»£t t Äƒn á»Ÿ q3 tháº¥y ngon Ã¡, gá»i cÃ¡i máº¹t Ä‘áº·c biá»‡t 2 ng Äƒn no luÃ´n.","Ä‘áº­u giÃ²n, ngon, nhÃ¢n viÃªn
thÃ¢n thiá»‡n, giÃ¡ thÃ nh há»£p lÃ­
mÃ¬nh Ä‘i chi nhÃ¡nh q10",
,Haeduri chicken,"Nhiá»u chi nhÃ¡nh, search GG",Nhiá»u CN,150-350k,Má»™t mÃ³n á»Ÿ Ä‘Ã¢y nhiá»u láº¯m lun. 2 ngÆ°á»i kiu 1 pháº§n gÃ  180k lÃ  Äƒn no rÃ¹i Ã¡. Siu rcm gÃ  sá»‘t kem hÃ nh vá»›i tokbokki ramen,,
MÃ³n Viá»‡t,BÃºn máº¯m CÃ´ 5 Äá»“ng ThÃ¡p,Nhiá»u chi nhÃ¡nh search GG,Nhiá»u CN,50-90k,"mÃ¬nh hay Äƒn bÃªn CN Q8 ngay chÃ¢n cáº§u Ráº¡ch Ã”ng, khÃ¡ ngon",,
,Truyá»n thuyáº¿t Champong,"Nhiá»u chi nhÃ¡nh, search GG",Nhiá»u CN,,"rcm máº¡nh má»³ tÆ°Æ¡ng Ä‘en, thá»‹t chua ngá»t nhennnn",,
MÃ³n Viá»‡t,BÃºn Ä‘áº­u nhÃ  Vua,"Nhiá»u chi nhÃ¡nh, search GG",Nhiá»u CN,,,,
,CÆ¡m cÃ  ri Nháº­t Coco ichibanya,"Nhiá»u chi nhÃ¡nh, search GG",Nhiá»u CN,~120k,,,
,MÃ¬ cay Haseyo,"Nhiá»u chi nhÃ¡nh, search GG",Nhiá»u CN,~50k,,,
MÃ³n Nháº­t,Marukame Udon,"Nhiá»u chi nhÃ¡nh, search GG",Nhiá»u CN,>90k,rcm cáº£ nhÃ  udon bÃ² trá»©ng bukkake siÃªu siÃªu siÃªu ngon (tÃ´ nhá» 105k Ã¡),,
,geonbae pocha,"2 chi nhÃ¡nh, search gg",Nhiá»u CN,,"quÃ¡n nháº­u style hÃ n, nhiá»u kiá»ƒu soju",,
MÃ³n Nháº­t,Sushi Haru,NÃªn Äƒn CN Phan XÃ­ch Long,Nhiá»u CN,500/2ng bá»ƒ bá»¥ng,"NÃªn Äƒn cÆ¡m cuá»™n, Ä‘á»“ chiÃªn, sashimi nháº¥t nha. Khi Äƒn nÃªn xin thÃªm sá»‘t cam, sá»‘t lÆ°Æ¡n Ä‘áº·c",,
MÃ³n Nháº­t,Sushi 79,"Nhiá»u chi nhÃ¡nh, search GG - nÃªn Äƒn CN Há»“ XuÃ¢n HÆ°Æ¡ng rá»™ng rÃ£i",Nhiá»u CN,400-500/2ng siÃªu no,"sashimi ngon - tÆ°Æ¡i - ráº», cÃ¡ há»“i tÃ¡i sá»‘t trá»©ng muá»‘i ngon Ä‘á»‰nh. Ä‘i cuá»‘i tuáº§n nhá»› book bÃ n trÆ°á»›c Ä‘á»ƒ Ä‘á»¡ pháº£i Ä‘á»£i",,
MÃ³n Chay,QuÃ¡n chay TÃ¢m Háº­u,"Nhiá»u chi nhÃ¡nh, search GG",Nhiá»u CN,> 35k,"QuÃ¡n cÃ³ nhiá»u chi nhÃ¡nh, bÃ¬nh thÆ°á»ng t hay Äƒn bÃªn LÃ¢m VÄƒn Bá»n Q7. Äáº¿n hÃ´m ráº±m siÃªu Ä‘Ã´ngg. Äá»“ Äƒn náº¥u ngon, cháº¥t lÆ°á»£ng, máº¥y mÃ³n giáº£ máº·n nhÃ¬n giá»‘ng vl. Láº©u cÅ©ng ngon mÃ  ráº» ná»‘t, nhiá»u náº¥m nhiá»u rau, Ä‘a dáº¡ng cÃ¡c thá»ƒ loáº¡i cháº£. BÃ¬nh thÆ°á»ng t Ä‘i Äƒn 2 ngÆ°á»i, kÃªu má»™t ná»“i láº©u nhá» cÃ²n pháº£i gÃ³i mang vá» Ã­",,
Cafe,CÃ  phÃª Tiá»‡m Kiáº¿t (rcm báº¡c xá»‰u muá»‘i vá»›i matcha muá»‘i),CÃ³ 2 CN LÃª VÄƒn Sá»¹ vá»›i BÃ¬nh Tháº¡nh (báº¡n search instagram nha),Nhiá»u CN,<60k,,,
,QuÃ¡n nÆ°á»›ng Meat and Meet ,"Chá»‰ nÃªn Äƒn á»Ÿ Q7 vÃ  Q1 (Lotte Mart, Saigon Centre) vÃ¬ cÃ³ quáº§y tá»± phá»¥c vá»¥ vÃ  kem miá»…n phÃ­",Nhiá»u CN,> 250k ,"Bá»¯a Ä‘i nguyÃªn team, Ä‘i Äƒn á»Ÿ Ä‘Ã¢y buffet Äƒn lÃ²i báº£n há»ng, no luÃ´n, thá»‹t Æ°á»›p Ä‘áº­m Ä‘Ã  ngon cá»±c kÃ¬, nÆ°á»›c ngá»t vÃ  kem tÃ­nh trong cÃ¡i 
Buffet Ä‘Ã³ rá»“i, bá»¯a Ä‘Ã³ cÃ²n kÃªu hÃ´m sau pháº£i Ä‘i Äƒn bÃªn nÃ y ","- NhÃ¢n viÃªn Meat and Meat Ä‘a sá»‘ khÃ¡ thÃ¡i Ä‘á»™
- M&M á»Ÿ Cresent mall khÃ´ng cÃ³ line buffet mÃ  sáº½ order rá»“i nhÃ¢n viÃªn mang mÃ³n ra ",
Cafe,Cafe Ngá»t NgÃ o,"2 CN Q1 (1: Chung cÆ° TÃ´n Tháº¥t Äáº¡m, 14 TÃ´n Tháº¥t Äáº¡m, PhÆ°á»ng Nguyá»…n ThÃ¡i BÃ¬nh, Q1; 2: 28/5 BÃ  LÃª ChÃ¢n, TÃ¢n Äá»‹nh, Q1)",Nhiá»u CN,40-80,"KhÃ¡ chill, ai thÃ­ch nhá»™n nhá»‹p thÃ¬ rcm chi nhÃ¡nh TÃ´n Tháº¥t Äáº¡m, cÃ²n chill chill thÃ¬ chi nhÃ¡nh BÃ  LÃª ChÃ¢n, trÃ  bÆ°á»Ÿi, máº­n, dÃ¢u rá»«ng ngonn ",,